,Entity,Code,Day,vaccination_policy,testing_policy,facial_coverings,restriction_gatherings,stay_home_requirements
624,Afghanistan,AFG,2021-09-16,1.0,1.0,3.0,,
624,Afghanistan,AFG,2021-09-16,1.0,1.0,3.0,,
2991,Angola,AGO,2020-10-21,0.0,3.0,,4.0,1.0
3558,Argentina,ARG,2020-07-02,0.0,,3.0,4.0,2.0
4278,Aruba,ABW,2020-08-27,0.0,1.0,,4.0,1.0
7758,Bahrain,BHR,2021-01-05,5.0,3.0,,4.0,1.0
7759,Bahrain,BHR,2021-01-06,5.0,3.0,,4.0,1.0
7760,Bahrain,BHR,2021-01-07,5.0,3.0,,4.0,1.0
7761,Bahrain,BHR,2021-01-08,5.0,3.0,,4.0,1.0
7762,Bahrain,BHR,2021-01-09,5.0,3.0,,4.0,1.0
7763,Bahrain,BHR,2021-01-10,5.0,3.0,,4.0,1.0
7764,Bahrain,BHR,2021-01-11,5.0,3.0,,4.0,1.0
7765,Bahrain,BHR,2021-01-12,5.0,3.0,,4.0,1.0
7766,Bahrain,BHR,2021-01-13,5.0,3.0,,4.0,1.0
7767,Bahrain,BHR,2021-01-14,5.0,3.0,,4.0,1.0
7768,Bahrain,BHR,2021-01-15,5.0,3.0,,4.0,1.0
7769,Bahrain,BHR,2021-01-16,5.0,3.0,,4.0,1.0
7770,Bahrain,BHR,2021-01-17,5.0,3.0,,4.0,1.0
7771,Bahrain,BHR,2021-01-18,5.0,3.0,,4.0,1.0
13936,Bolivia,BOL,2021-05-02,2.0,1.0,4.0,0.0,
13937,Bolivia,BOL,2021-05-03,2.0,1.0,4.0,0.0,
13938,Bolivia,BOL,2021-05-04,2.0,1.0,4.0,0.0,
13939,Bolivia,BOL,2021-05-05,2.0,1.0,4.0,0.0,
13940,Bolivia,BOL,2021-05-06,2.0,1.0,4.0,0.0,
13941,Bolivia,BOL,2021-05-07,2.0,1.0,4.0,0.0,
13942,Bolivia,BOL,2021-05-08,2.0,1.0,4.0,0.0,
13943,Bolivia,BOL,2021-05-09,2.0,1.0,4.0,0.0,
13944,Bolivia,BOL,2021-05-10,2.0,1.0,4.0,0.0,
17953,Burkina Faso,BFA,2021-04-26,0.0,3.0,,0.0,2.0
17954,Burkina Faso,BFA,2021-04-27,0.0,3.0,,0.0,2.0
17955,Burkina Faso,BFA,2021-04-28,0.0,3.0,,0.0,2.0
17956,Burkina Faso,BFA,2021-04-29,0.0,3.0,,0.0,2.0
17957,Burkina Faso,BFA,2021-04-30,0.0,3.0,,0.0,2.0
17958,Burkina Faso,BFA,2021-05-01,0.0,3.0,,0.0,2.0
17959,Burkina Faso,BFA,2021-05-02,0.0,3.0,,0.0,2.0
17960,Burkina Faso,BFA,2021-05-03,0.0,3.0,,0.0,2.0
17961,Burkina Faso,BFA,2021-05-04,0.0,3.0,,0.0,2.0
17962,Burkina Faso,BFA,2021-05-05,0.0,3.0,,0.0,2.0
17963,Burkina Faso,BFA,2021-05-06,0.0,3.0,,0.0,2.0
17964,Burkina Faso,BFA,2021-05-07,0.0,3.0,,0.0,2.0
17965,Burkina Faso,BFA,2021-05-08,0.0,3.0,,0.0,2.0
17966,Burkina Faso,BFA,2021-05-09,0.0,3.0,,0.0,2.0
17967,Burkina Faso,BFA,2021-05-10,0.0,3.0,,0.0,2.0
20137,Cameroon,CMR,2021-11-06,5.0,2.0,3.0,3.0,
22112,Central African Republic,CAF,2021-09-21,4.0,2.0,3.0,,0.0
24830,Comoros,COM,2020-01-01,0.0,,0.0,,
24830,Comoros,COM,2020-01-01,0.0,,0.0,,
24830,Comoros,COM,2020-01-01,0.0,,0.0,,
24831,Comoros,COM,2020-01-02,0.0,,0.0,,
24831,Comoros,COM,2020-01-02,0.0,,0.0,,
24831,Comoros,COM,2020-01-02,0.0,,0.0,,
24832,Comoros,COM,2020-01-03,0.0,,0.0,,
24832,Comoros,COM,2020-01-03,0.0,,0.0,,
24832,Comoros,COM,2020-01-03,0.0,,0.0,,
24833,Comoros,COM,2020-01-04,0.0,,0.0,,
24833,Comoros,COM,2020-01-04,0.0,,0.0,,
24833,Comoros,COM,2020-01-04,0.0,,0.0,,
24834,Comoros,COM,2020-01-05,0.0,,0.0,,
24834,Comoros,COM,2020-01-05,0.0,,0.0,,
24834,Comoros,COM,2020-01-05,0.0,,0.0,,
24835,Comoros,COM,2020-01-06,0.0,,0.0,,
24835,Comoros,COM,2020-01-06,0.0,,0.0,,
24835,Comoros,COM,2020-01-06,0.0,,0.0,,
24836,Comoros,COM,2020-01-07,0.0,,0.0,,
24836,Comoros,COM,2020-01-07,0.0,,0.0,,
24836,Comoros,COM,2020-01-07,0.0,,0.0,,
24837,Comoros,COM,2020-01-08,0.0,,0.0,,
24837,Comoros,COM,2020-01-08,0.0,,0.0,,
24837,Comoros,COM,2020-01-08,0.0,,0.0,,
24838,Comoros,COM,2020-01-09,0.0,,0.0,,
24838,Comoros,COM,2020-01-09,0.0,,0.0,,
24838,Comoros,COM,2020-01-09,0.0,,0.0,,
24839,Comoros,COM,2020-01-10,0.0,,0.0,,
24839,Comoros,COM,2020-01-10,0.0,,0.0,,
24839,Comoros,COM,2020-01-10,0.0,,0.0,,
24840,Comoros,COM,2020-01-11,0.0,,0.0,,
24840,Comoros,COM,2020-01-11,0.0,,0.0,,
24840,Comoros,COM,2020-01-11,0.0,,0.0,,
24841,Comoros,COM,2020-01-12,0.0,,0.0,,
24841,Comoros,COM,2020-01-12,0.0,,0.0,,
24841,Comoros,COM,2020-01-12,0.0,,0.0,,
24842,Comoros,COM,2020-01-13,0.0,,0.0,,
24842,Comoros,COM,2020-01-13,0.0,,0.0,,
24842,Comoros,COM,2020-01-13,0.0,,0.0,,
24843,Comoros,COM,2020-01-14,0.0,,0.0,,
24843,Comoros,COM,2020-01-14,0.0,,0.0,,
24843,Comoros,COM,2020-01-14,0.0,,0.0,,
24844,Comoros,COM,2020-01-15,0.0,,0.0,,
24844,Comoros,COM,2020-01-15,0.0,,0.0,,
24844,Comoros,COM,2020-01-15,0.0,,0.0,,
24845,Comoros,COM,2020-01-16,0.0,,0.0,,
24845,Comoros,COM,2020-01-16,0.0,,0.0,,
24845,Comoros,COM,2020-01-16,0.0,,0.0,,
24846,Comoros,COM,2020-01-17,0.0,,0.0,,
24846,Comoros,COM,2020-01-17,0.0,,0.0,,
24846,Comoros,COM,2020-01-17,0.0,,0.0,,
24847,Comoros,COM,2020-01-18,0.0,,0.0,,
24847,Comoros,COM,2020-01-18,0.0,,0.0,,
24847,Comoros,COM,2020-01-18,0.0,,0.0,,
24848,Comoros,COM,2020-01-19,0.0,,0.0,,
24848,Comoros,COM,2020-01-19,0.0,,0.0,,
24848,Comoros,COM,2020-01-19,0.0,,0.0,,
24849,Comoros,COM,2020-01-20,0.0,,0.0,,
24849,Comoros,COM,2020-01-20,0.0,,0.0,,
24849,Comoros,COM,2020-01-20,0.0,,0.0,,
24850,Comoros,COM,2020-01-21,0.0,,0.0,,
24850,Comoros,COM,2020-01-21,0.0,,0.0,,
24850,Comoros,COM,2020-01-21,0.0,,0.0,,
24851,Comoros,COM,2020-01-22,0.0,,0.0,,
24851,Comoros,COM,2020-01-22,0.0,,0.0,,
24851,Comoros,COM,2020-01-22,0.0,,0.0,,
24852,Comoros,COM,2020-01-23,0.0,,0.0,,
24852,Comoros,COM,2020-01-23,0.0,,0.0,,
24852,Comoros,COM,2020-01-23,0.0,,0.0,,
24853,Comoros,COM,2020-01-24,0.0,,0.0,,
24853,Comoros,COM,2020-01-24,0.0,,0.0,,
24853,Comoros,COM,2020-01-24,0.0,,0.0,,
24854,Comoros,COM,2020-01-25,0.0,,0.0,,
24854,Comoros,COM,2020-01-25,0.0,,0.0,,
24854,Comoros,COM,2020-01-25,0.0,,0.0,,
24855,Comoros,COM,2020-01-26,0.0,,0.0,,
24855,Comoros,COM,2020-01-26,0.0,,0.0,,
24855,Comoros,COM,2020-01-26,0.0,,0.0,,
24856,Comoros,COM,2020-01-27,0.0,,0.0,,
24856,Comoros,COM,2020-01-27,0.0,,0.0,,
24856,Comoros,COM,2020-01-27,0.0,,0.0,,
24857,Comoros,COM,2020-01-28,0.0,,0.0,,
24857,Comoros,COM,2020-01-28,0.0,,0.0,,
24857,Comoros,COM,2020-01-28,0.0,,0.0,,
24858,Comoros,COM,2020-01-29,0.0,,0.0,,
24858,Comoros,COM,2020-01-29,0.0,,0.0,,
24858,Comoros,COM,2020-01-29,0.0,,0.0,,
24859,Comoros,COM,2020-01-30,0.0,,0.0,,
24859,Comoros,COM,2020-01-30,0.0,,0.0,,
24859,Comoros,COM,2020-01-30,0.0,,0.0,,
24860,Comoros,COM,2020-01-31,0.0,,0.0,,
24860,Comoros,COM,2020-01-31,0.0,,0.0,,
24860,Comoros,COM,2020-01-31,0.0,,0.0,,
24861,Comoros,COM,2020-02-01,0.0,,0.0,,
24861,Comoros,COM,2020-02-01,0.0,,0.0,,
24861,Comoros,COM,2020-02-01,0.0,,0.0,,
24862,Comoros,COM,2020-02-02,0.0,,0.0,,
24862,Comoros,COM,2020-02-02,0.0,,0.0,,
24862,Comoros,COM,2020-02-02,0.0,,0.0,,
24863,Comoros,COM,2020-02-03,0.0,,0.0,,
24863,Comoros,COM,2020-02-03,0.0,,0.0,,
24863,Comoros,COM,2020-02-03,0.0,,0.0,,
24864,Comoros,COM,2020-02-04,0.0,,0.0,,
24864,Comoros,COM,2020-02-04,0.0,,0.0,,
24864,Comoros,COM,2020-02-04,0.0,,0.0,,
24865,Comoros,COM,2020-02-05,0.0,,0.0,,
24865,Comoros,COM,2020-02-05,0.0,,0.0,,
24865,Comoros,COM,2020-02-05,0.0,,0.0,,
24866,Comoros,COM,2020-02-06,0.0,,0.0,,
24866,Comoros,COM,2020-02-06,0.0,,0.0,,
24866,Comoros,COM,2020-02-06,0.0,,0.0,,
24867,Comoros,COM,2020-02-07,0.0,,0.0,,
24867,Comoros,COM,2020-02-07,0.0,,0.0,,
24867,Comoros,COM,2020-02-07,0.0,,0.0,,
24868,Comoros,COM,2020-02-08,0.0,,0.0,,
24868,Comoros,COM,2020-02-08,0.0,,0.0,,
24868,Comoros,COM,2020-02-08,0.0,,0.0,,
24869,Comoros,COM,2020-02-09,0.0,,0.0,,
24869,Comoros,COM,2020-02-09,0.0,,0.0,,
24869,Comoros,COM,2020-02-09,0.0,,0.0,,
24870,Comoros,COM,2020-02-10,0.0,,0.0,,
24870,Comoros,COM,2020-02-10,0.0,,0.0,,
24870,Comoros,COM,2020-02-10,0.0,,0.0,,
24871,Comoros,COM,2020-02-11,0.0,,0.0,,
24871,Comoros,COM,2020-02-11,0.0,,0.0,,
24871,Comoros,COM,2020-02-11,0.0,,0.0,,
24872,Comoros,COM,2020-02-12,0.0,,0.0,,
24872,Comoros,COM,2020-02-12,0.0,,0.0,,
24872,Comoros,COM,2020-02-12,0.0,,0.0,,
24873,Comoros,COM,2020-02-13,0.0,,0.0,,
24873,Comoros,COM,2020-02-13,0.0,,0.0,,
24873,Comoros,COM,2020-02-13,0.0,,0.0,,
24874,Comoros,COM,2020-02-14,0.0,,0.0,,
24874,Comoros,COM,2020-02-14,0.0,,0.0,,
24874,Comoros,COM,2020-02-14,0.0,,0.0,,
24875,Comoros,COM,2020-02-15,0.0,,0.0,,
24875,Comoros,COM,2020-02-15,0.0,,0.0,,
24875,Comoros,COM,2020-02-15,0.0,,0.0,,
24876,Comoros,COM,2020-02-16,0.0,,0.0,,
24876,Comoros,COM,2020-02-16,0.0,,0.0,,
24876,Comoros,COM,2020-02-16,0.0,,0.0,,
24877,Comoros,COM,2020-02-17,0.0,,0.0,,
24877,Comoros,COM,2020-02-17,0.0,,0.0,,
24877,Comoros,COM,2020-02-17,0.0,,0.0,,
24878,Comoros,COM,2020-02-18,0.0,,0.0,,
24878,Comoros,COM,2020-02-18,0.0,,0.0,,
24878,Comoros,COM,2020-02-18,0.0,,0.0,,
24879,Comoros,COM,2020-02-19,0.0,,0.0,,
24879,Comoros,COM,2020-02-19,0.0,,0.0,,
24879,Comoros,COM,2020-02-19,0.0,,0.0,,
24880,Comoros,COM,2020-02-20,0.0,,0.0,,
24880,Comoros,COM,2020-02-20,0.0,,0.0,,
24880,Comoros,COM,2020-02-20,0.0,,0.0,,
24881,Comoros,COM,2020-02-21,0.0,,0.0,,
24881,Comoros,COM,2020-02-21,0.0,,0.0,,
24881,Comoros,COM,2020-02-21,0.0,,0.0,,
24882,Comoros,COM,2020-02-22,0.0,,0.0,,
24882,Comoros,COM,2020-02-22,0.0,,0.0,,
24882,Comoros,COM,2020-02-22,0.0,,0.0,,
24883,Comoros,COM,2020-02-23,0.0,,0.0,,
24883,Comoros,COM,2020-02-23,0.0,,0.0,,
24883,Comoros,COM,2020-02-23,0.0,,0.0,,
24884,Comoros,COM,2020-02-24,0.0,,0.0,,
24884,Comoros,COM,2020-02-24,0.0,,0.0,,
24884,Comoros,COM,2020-02-24,0.0,,0.0,,
24885,Comoros,COM,2020-02-25,0.0,,0.0,,
24885,Comoros,COM,2020-02-25,0.0,,0.0,,
24885,Comoros,COM,2020-02-25,0.0,,0.0,,
24886,Comoros,COM,2020-02-26,0.0,,0.0,,
24886,Comoros,COM,2020-02-26,0.0,,0.0,,
24886,Comoros,COM,2020-02-26,0.0,,0.0,,
24887,Comoros,COM,2020-02-27,0.0,,0.0,,
24887,Comoros,COM,2020-02-27,0.0,,0.0,,
24887,Comoros,COM,2020-02-27,0.0,,0.0,,
24888,Comoros,COM,2020-02-28,0.0,,0.0,,
24888,Comoros,COM,2020-02-28,0.0,,0.0,,
24888,Comoros,COM,2020-02-28,0.0,,0.0,,
24889,Comoros,COM,2020-02-29,0.0,,0.0,,
24889,Comoros,COM,2020-02-29,0.0,,0.0,,
24889,Comoros,COM,2020-02-29,0.0,,0.0,,
24890,Comoros,COM,2020-03-01,0.0,,0.0,,
24890,Comoros,COM,2020-03-01,0.0,,0.0,,
24890,Comoros,COM,2020-03-01,0.0,,0.0,,
24891,Comoros,COM,2020-03-02,0.0,,0.0,,
24891,Comoros,COM,2020-03-02,0.0,,0.0,,
24891,Comoros,COM,2020-03-02,0.0,,0.0,,
24892,Comoros,COM,2020-03-03,0.0,,0.0,,
24892,Comoros,COM,2020-03-03,0.0,,0.0,,
24892,Comoros,COM,2020-03-03,0.0,,0.0,,
24893,Comoros,COM,2020-03-04,0.0,,0.0,,
24893,Comoros,COM,2020-03-04,0.0,,0.0,,
24893,Comoros,COM,2020-03-04,0.0,,0.0,,
24894,Comoros,COM,2020-03-05,0.0,,0.0,,
24894,Comoros,COM,2020-03-05,0.0,,0.0,,
24894,Comoros,COM,2020-03-05,0.0,,0.0,,
24895,Comoros,COM,2020-03-06,0.0,,0.0,,
24895,Comoros,COM,2020-03-06,0.0,,0.0,,
24895,Comoros,COM,2020-03-06,0.0,,0.0,,
24896,Comoros,COM,2020-03-07,0.0,,0.0,,
24896,Comoros,COM,2020-03-07,0.0,,0.0,,
24896,Comoros,COM,2020-03-07,0.0,,0.0,,
24897,Comoros,COM,2020-03-08,0.0,,0.0,,
24897,Comoros,COM,2020-03-08,0.0,,0.0,,
24897,Comoros,COM,2020-03-08,0.0,,0.0,,
24898,Comoros,COM,2020-03-09,0.0,,0.0,,
24898,Comoros,COM,2020-03-09,0.0,,0.0,,
24898,Comoros,COM,2020-03-09,0.0,,0.0,,
24899,Comoros,COM,2020-03-10,0.0,,0.0,,
24899,Comoros,COM,2020-03-10,0.0,,0.0,,
24899,Comoros,COM,2020-03-10,0.0,,0.0,,
24900,Comoros,COM,2020-03-11,0.0,,0.0,,
24900,Comoros,COM,2020-03-11,0.0,,0.0,,
24900,Comoros,COM,2020-03-11,0.0,,0.0,,
24901,Comoros,COM,2020-03-12,0.0,,0.0,,
24901,Comoros,COM,2020-03-12,0.0,,0.0,,
24901,Comoros,COM,2020-03-12,0.0,,0.0,,
24902,Comoros,COM,2020-03-13,0.0,,0.0,,
24902,Comoros,COM,2020-03-13,0.0,,0.0,,
24902,Comoros,COM,2020-03-13,0.0,,0.0,,
24903,Comoros,COM,2020-03-14,0.0,,0.0,,
24903,Comoros,COM,2020-03-14,0.0,,0.0,,
24903,Comoros,COM,2020-03-14,0.0,,0.0,,
24904,Comoros,COM,2020-03-15,0.0,,0.0,,
24904,Comoros,COM,2020-03-15,0.0,,0.0,,
24904,Comoros,COM,2020-03-15,0.0,,0.0,,
24905,Comoros,COM,2020-03-16,0.0,,0.0,,
24905,Comoros,COM,2020-03-16,0.0,,0.0,,
24905,Comoros,COM,2020-03-16,0.0,,0.0,,
24906,Comoros,COM,2020-03-17,0.0,,0.0,,
24906,Comoros,COM,2020-03-17,0.0,,0.0,,
24906,Comoros,COM,2020-03-17,0.0,,0.0,,
24907,Comoros,COM,2020-03-18,0.0,,0.0,,
24907,Comoros,COM,2020-03-18,0.0,,0.0,,
24907,Comoros,COM,2020-03-18,0.0,,0.0,,
24908,Comoros,COM,2020-03-19,0.0,,0.0,,
24908,Comoros,COM,2020-03-19,0.0,,0.0,,
24908,Comoros,COM,2020-03-19,0.0,,0.0,,
24909,Comoros,COM,2020-03-20,0.0,,0.0,,
24909,Comoros,COM,2020-03-20,0.0,,0.0,,
24909,Comoros,COM,2020-03-20,0.0,,0.0,,
24910,Comoros,COM,2020-03-21,0.0,,0.0,,
24910,Comoros,COM,2020-03-21,0.0,,0.0,,
24910,Comoros,COM,2020-03-21,0.0,,0.0,,
24911,Comoros,COM,2020-03-22,0.0,,0.0,,
24911,Comoros,COM,2020-03-22,0.0,,0.0,,
24911,Comoros,COM,2020-03-22,0.0,,0.0,,
24912,Comoros,COM,2020-03-23,0.0,,0.0,,
24912,Comoros,COM,2020-03-23,0.0,,0.0,,
24912,Comoros,COM,2020-03-23,0.0,,0.0,,
24913,Comoros,COM,2020-03-24,0.0,,0.0,,
24913,Comoros,COM,2020-03-24,0.0,,0.0,,
24913,Comoros,COM,2020-03-24,0.0,,0.0,,
24914,Comoros,COM,2020-03-25,0.0,,0.0,,
24914,Comoros,COM,2020-03-25,0.0,,0.0,,
24914,Comoros,COM,2020-03-25,0.0,,0.0,,
24915,Comoros,COM,2020-03-26,0.0,,0.0,,
24915,Comoros,COM,2020-03-26,0.0,,0.0,,
24915,Comoros,COM,2020-03-26,0.0,,0.0,,
24916,Comoros,COM,2020-03-27,0.0,,0.0,,
24916,Comoros,COM,2020-03-27,0.0,,0.0,,
24916,Comoros,COM,2020-03-27,0.0,,0.0,,
24917,Comoros,COM,2020-03-28,0.0,,0.0,,
24917,Comoros,COM,2020-03-28,0.0,,0.0,,
24917,Comoros,COM,2020-03-28,0.0,,0.0,,
24918,Comoros,COM,2020-03-29,0.0,,0.0,,
24918,Comoros,COM,2020-03-29,0.0,,0.0,,
24918,Comoros,COM,2020-03-29,0.0,,0.0,,
24919,Comoros,COM,2020-03-30,0.0,,0.0,,
24919,Comoros,COM,2020-03-30,0.0,,0.0,,
24919,Comoros,COM,2020-03-30,0.0,,0.0,,
24920,Comoros,COM,2020-03-31,0.0,,0.0,,
24920,Comoros,COM,2020-03-31,0.0,,0.0,,
24920,Comoros,COM,2020-03-31,0.0,,0.0,,
24921,Comoros,COM,2020-04-01,0.0,,0.0,,
24921,Comoros,COM,2020-04-01,0.0,,0.0,,
24921,Comoros,COM,2020-04-01,0.0,,0.0,,
24922,Comoros,COM,2020-04-02,0.0,,0.0,,
24922,Comoros,COM,2020-04-02,0.0,,0.0,,
24922,Comoros,COM,2020-04-02,0.0,,0.0,,
24923,Comoros,COM,2020-04-03,0.0,,0.0,,
24923,Comoros,COM,2020-04-03,0.0,,0.0,,
24923,Comoros,COM,2020-04-03,0.0,,0.0,,
24924,Comoros,COM,2020-04-04,0.0,,0.0,,
24924,Comoros,COM,2020-04-04,0.0,,0.0,,
24924,Comoros,COM,2020-04-04,0.0,,0.0,,
24925,Comoros,COM,2020-04-05,0.0,,0.0,,
24925,Comoros,COM,2020-04-05,0.0,,0.0,,
24925,Comoros,COM,2020-04-05,0.0,,0.0,,
24926,Comoros,COM,2020-04-06,0.0,,0.0,,
24926,Comoros,COM,2020-04-06,0.0,,0.0,,
24926,Comoros,COM,2020-04-06,0.0,,0.0,,
24927,Comoros,COM,2020-04-07,0.0,,0.0,,
24927,Comoros,COM,2020-04-07,0.0,,0.0,,
24927,Comoros,COM,2020-04-07,0.0,,0.0,,
24928,Comoros,COM,2020-04-08,0.0,,0.0,,
24928,Comoros,COM,2020-04-08,0.0,,0.0,,
24928,Comoros,COM,2020-04-08,0.0,,0.0,,
24929,Comoros,COM,2020-04-09,0.0,,0.0,,
24929,Comoros,COM,2020-04-09,0.0,,0.0,,
24929,Comoros,COM,2020-04-09,0.0,,0.0,,
24930,Comoros,COM,2020-04-10,0.0,,0.0,,
24930,Comoros,COM,2020-04-10,0.0,,0.0,,
24930,Comoros,COM,2020-04-10,0.0,,0.0,,
24931,Comoros,COM,2020-04-11,0.0,,0.0,,
24931,Comoros,COM,2020-04-11,0.0,,0.0,,
24931,Comoros,COM,2020-04-11,0.0,,0.0,,
24932,Comoros,COM,2020-04-12,0.0,,0.0,,
24932,Comoros,COM,2020-04-12,0.0,,0.0,,
24932,Comoros,COM,2020-04-12,0.0,,0.0,,
24933,Comoros,COM,2020-04-13,0.0,,0.0,,
24933,Comoros,COM,2020-04-13,0.0,,0.0,,
24933,Comoros,COM,2020-04-13,0.0,,0.0,,
24934,Comoros,COM,2020-04-14,0.0,,0.0,,
24934,Comoros,COM,2020-04-14,0.0,,0.0,,
24934,Comoros,COM,2020-04-14,0.0,,0.0,,
24935,Comoros,COM,2020-04-15,0.0,,0.0,,
24935,Comoros,COM,2020-04-15,0.0,,0.0,,
24935,Comoros,COM,2020-04-15,0.0,,0.0,,
24936,Comoros,COM,2020-04-16,0.0,,0.0,,
24936,Comoros,COM,2020-04-16,0.0,,0.0,,
24936,Comoros,COM,2020-04-16,0.0,,0.0,,
24937,Comoros,COM,2020-04-17,0.0,,0.0,,
24937,Comoros,COM,2020-04-17,0.0,,0.0,,
24937,Comoros,COM,2020-04-17,0.0,,0.0,,
24938,Comoros,COM,2020-04-18,0.0,,0.0,,
24938,Comoros,COM,2020-04-18,0.0,,0.0,,
24938,Comoros,COM,2020-04-18,0.0,,0.0,,
24939,Comoros,COM,2020-04-19,0.0,,0.0,,
24939,Comoros,COM,2020-04-19,0.0,,0.0,,
24939,Comoros,COM,2020-04-19,0.0,,0.0,,
24940,Comoros,COM,2020-04-20,0.0,,0.0,,
24940,Comoros,COM,2020-04-20,0.0,,0.0,,
24940,Comoros,COM,2020-04-20,0.0,,0.0,,
24941,Comoros,COM,2020-04-21,0.0,,0.0,,
24941,Comoros,COM,2020-04-21,0.0,,0.0,,
24941,Comoros,COM,2020-04-21,0.0,,0.0,,
24942,Comoros,COM,2020-04-22,0.0,,0.0,,
24942,Comoros,COM,2020-04-22,0.0,,0.0,,
24942,Comoros,COM,2020-04-22,0.0,,0.0,,
24943,Comoros,COM,2020-04-23,0.0,,0.0,,
24943,Comoros,COM,2020-04-23,0.0,,0.0,,
24943,Comoros,COM,2020-04-23,0.0,,0.0,,
24944,Comoros,COM,2020-04-24,0.0,,0.0,,
24944,Comoros,COM,2020-04-24,0.0,,0.0,,
24944,Comoros,COM,2020-04-24,0.0,,0.0,,
24945,Comoros,COM,2020-04-25,0.0,,0.0,,
24945,Comoros,COM,2020-04-25,0.0,,0.0,,
24945,Comoros,COM,2020-04-25,0.0,,0.0,,
24946,Comoros,COM,2020-04-26,0.0,,0.0,,
24946,Comoros,COM,2020-04-26,0.0,,0.0,,
24946,Comoros,COM,2020-04-26,0.0,,0.0,,
24947,Comoros,COM,2020-04-27,0.0,,0.0,,
24947,Comoros,COM,2020-04-27,0.0,,0.0,,
24947,Comoros,COM,2020-04-27,0.0,,0.0,,
24948,Comoros,COM,2020-04-28,0.0,,0.0,,
24948,Comoros,COM,2020-04-28,0.0,,0.0,,
24948,Comoros,COM,2020-04-28,0.0,,0.0,,
24949,Comoros,COM,2020-04-29,0.0,,0.0,,
24949,Comoros,COM,2020-04-29,0.0,,0.0,,
24949,Comoros,COM,2020-04-29,0.0,,0.0,,
24950,Comoros,COM,2020-04-30,0.0,,0.0,,
24950,Comoros,COM,2020-04-30,0.0,,0.0,,
24950,Comoros,COM,2020-04-30,0.0,,0.0,,
24951,Comoros,COM,2020-05-01,0.0,,0.0,,
24951,Comoros,COM,2020-05-01,0.0,,0.0,,
24951,Comoros,COM,2020-05-01,0.0,,0.0,,
24952,Comoros,COM,2020-05-02,0.0,,0.0,,
24952,Comoros,COM,2020-05-02,0.0,,0.0,,
24952,Comoros,COM,2020-05-02,0.0,,0.0,,
24953,Comoros,COM,2020-05-03,0.0,,0.0,,
24953,Comoros,COM,2020-05-03,0.0,,0.0,,
24953,Comoros,COM,2020-05-03,0.0,,0.0,,
24954,Comoros,COM,2020-05-04,0.0,,0.0,,
24954,Comoros,COM,2020-05-04,0.0,,0.0,,
24954,Comoros,COM,2020-05-04,0.0,,0.0,,
24955,Comoros,COM,2020-05-05,0.0,,0.0,,
24955,Comoros,COM,2020-05-05,0.0,,0.0,,
24955,Comoros,COM,2020-05-05,0.0,,0.0,,
24956,Comoros,COM,2020-05-06,0.0,,0.0,,
24956,Comoros,COM,2020-05-06,0.0,,0.0,,
24956,Comoros,COM,2020-05-06,0.0,,0.0,,
24957,Comoros,COM,2020-05-07,0.0,,0.0,,
24957,Comoros,COM,2020-05-07,0.0,,0.0,,
24957,Comoros,COM,2020-05-07,0.0,,0.0,,
24958,Comoros,COM,2020-05-08,0.0,,0.0,,
24958,Comoros,COM,2020-05-08,0.0,,0.0,,
24958,Comoros,COM,2020-05-08,0.0,,0.0,,
24959,Comoros,COM,2020-05-09,0.0,,0.0,,
24959,Comoros,COM,2020-05-09,0.0,,0.0,,
24959,Comoros,COM,2020-05-09,0.0,,0.0,,
24960,Comoros,COM,2020-05-10,0.0,,0.0,,
24960,Comoros,COM,2020-05-10,0.0,,0.0,,
24960,Comoros,COM,2020-05-10,0.0,,0.0,,
24961,Comoros,COM,2020-05-11,0.0,,0.0,,
24961,Comoros,COM,2020-05-11,0.0,,0.0,,
24961,Comoros,COM,2020-05-11,0.0,,0.0,,
24962,Comoros,COM,2020-05-12,0.0,,0.0,,
24962,Comoros,COM,2020-05-12,0.0,,0.0,,
24962,Comoros,COM,2020-05-12,0.0,,0.0,,
24963,Comoros,COM,2020-05-13,0.0,,0.0,,
24963,Comoros,COM,2020-05-13,0.0,,0.0,,
24963,Comoros,COM,2020-05-13,0.0,,0.0,,
24964,Comoros,COM,2020-05-14,0.0,,0.0,,
24964,Comoros,COM,2020-05-14,0.0,,0.0,,
24964,Comoros,COM,2020-05-14,0.0,,0.0,,
24965,Comoros,COM,2020-05-15,0.0,,0.0,,
24965,Comoros,COM,2020-05-15,0.0,,0.0,,
24965,Comoros,COM,2020-05-15,0.0,,0.0,,
24966,Comoros,COM,2020-05-16,0.0,,0.0,,
24966,Comoros,COM,2020-05-16,0.0,,0.0,,
24966,Comoros,COM,2020-05-16,0.0,,0.0,,
24967,Comoros,COM,2020-05-17,0.0,,0.0,,
24967,Comoros,COM,2020-05-17,0.0,,0.0,,
24967,Comoros,COM,2020-05-17,0.0,,0.0,,
24968,Comoros,COM,2020-05-18,0.0,,0.0,,
24968,Comoros,COM,2020-05-18,0.0,,0.0,,
24968,Comoros,COM,2020-05-18,0.0,,0.0,,
24969,Comoros,COM,2020-05-19,0.0,,0.0,,
24969,Comoros,COM,2020-05-19,0.0,,0.0,,
24969,Comoros,COM,2020-05-19,0.0,,0.0,,
24970,Comoros,COM,2020-05-20,0.0,,0.0,,
24970,Comoros,COM,2020-05-20,0.0,,0.0,,
24970,Comoros,COM,2020-05-20,0.0,,0.0,,
24971,Comoros,COM,2020-05-21,0.0,,0.0,,
24971,Comoros,COM,2020-05-21,0.0,,0.0,,
24971,Comoros,COM,2020-05-21,0.0,,0.0,,
24972,Comoros,COM,2020-05-22,0.0,,2.0,,
24972,Comoros,COM,2020-05-22,0.0,,2.0,,
24972,Comoros,COM,2020-05-22,0.0,,2.0,,
24973,Comoros,COM,2020-05-23,0.0,,2.0,,
24973,Comoros,COM,2020-05-23,0.0,,2.0,,
24973,Comoros,COM,2020-05-23,0.0,,2.0,,
24974,Comoros,COM,2020-05-24,0.0,,2.0,,
24974,Comoros,COM,2020-05-24,0.0,,2.0,,
24974,Comoros,COM,2020-05-24,0.0,,2.0,,
24975,Comoros,COM,2020-05-25,0.0,,2.0,,
24975,Comoros,COM,2020-05-25,0.0,,2.0,,
24975,Comoros,COM,2020-05-25,0.0,,2.0,,
24976,Comoros,COM,2020-05-26,0.0,,2.0,,
24976,Comoros,COM,2020-05-26,0.0,,2.0,,
24976,Comoros,COM,2020-05-26,0.0,,2.0,,
24977,Comoros,COM,2020-05-27,0.0,,2.0,,
24977,Comoros,COM,2020-05-27,0.0,,2.0,,
24977,Comoros,COM,2020-05-27,0.0,,2.0,,
24978,Comoros,COM,2020-05-28,0.0,,2.0,,
24978,Comoros,COM,2020-05-28,0.0,,2.0,,
24978,Comoros,COM,2020-05-28,0.0,,2.0,,
24979,Comoros,COM,2020-05-29,0.0,,2.0,,
24979,Comoros,COM,2020-05-29,0.0,,2.0,,
24979,Comoros,COM,2020-05-29,0.0,,2.0,,
24980,Comoros,COM,2020-05-30,0.0,,2.0,,
24980,Comoros,COM,2020-05-30,0.0,,2.0,,
24980,Comoros,COM,2020-05-30,0.0,,2.0,,
24981,Comoros,COM,2020-05-31,0.0,,2.0,,
24981,Comoros,COM,2020-05-31,0.0,,2.0,,
24981,Comoros,COM,2020-05-31,0.0,,2.0,,
24982,Comoros,COM,2020-06-01,0.0,,2.0,,
24982,Comoros,COM,2020-06-01,0.0,,2.0,,
24982,Comoros,COM,2020-06-01,0.0,,2.0,,
24983,Comoros,COM,2020-06-02,0.0,,2.0,,
24983,Comoros,COM,2020-06-02,0.0,,2.0,,
24983,Comoros,COM,2020-06-02,0.0,,2.0,,
24984,Comoros,COM,2020-06-03,0.0,,2.0,,
24984,Comoros,COM,2020-06-03,0.0,,2.0,,
24984,Comoros,COM,2020-06-03,0.0,,2.0,,
24985,Comoros,COM,2020-06-04,0.0,,2.0,,
24985,Comoros,COM,2020-06-04,0.0,,2.0,,
24985,Comoros,COM,2020-06-04,0.0,,2.0,,
24986,Comoros,COM,2020-06-05,0.0,,2.0,,
24986,Comoros,COM,2020-06-05,0.0,,2.0,,
24986,Comoros,COM,2020-06-05,0.0,,2.0,,
24987,Comoros,COM,2020-06-06,0.0,,2.0,,
24987,Comoros,COM,2020-06-06,0.0,,2.0,,
24987,Comoros,COM,2020-06-06,0.0,,2.0,,
24988,Comoros,COM,2020-06-07,0.0,,2.0,,
24988,Comoros,COM,2020-06-07,0.0,,2.0,,
24988,Comoros,COM,2020-06-07,0.0,,2.0,,
24989,Comoros,COM,2020-06-08,0.0,,2.0,,
24989,Comoros,COM,2020-06-08,0.0,,2.0,,
24989,Comoros,COM,2020-06-08,0.0,,2.0,,
24990,Comoros,COM,2020-06-09,0.0,,2.0,,
24990,Comoros,COM,2020-06-09,0.0,,2.0,,
24990,Comoros,COM,2020-06-09,0.0,,2.0,,
24991,Comoros,COM,2020-06-10,0.0,,2.0,,
24991,Comoros,COM,2020-06-10,0.0,,2.0,,
24991,Comoros,COM,2020-06-10,0.0,,2.0,,
24992,Comoros,COM,2020-06-11,0.0,,2.0,,
24992,Comoros,COM,2020-06-11,0.0,,2.0,,
24992,Comoros,COM,2020-06-11,0.0,,2.0,,
24993,Comoros,COM,2020-06-12,0.0,,2.0,,
24993,Comoros,COM,2020-06-12,0.0,,2.0,,
24993,Comoros,COM,2020-06-12,0.0,,2.0,,
24994,Comoros,COM,2020-06-13,0.0,,2.0,,
24994,Comoros,COM,2020-06-13,0.0,,2.0,,
24994,Comoros,COM,2020-06-13,0.0,,2.0,,
24995,Comoros,COM,2020-06-14,0.0,,2.0,,
24995,Comoros,COM,2020-06-14,0.0,,2.0,,
24995,Comoros,COM,2020-06-14,0.0,,2.0,,
24996,Comoros,COM,2020-06-15,0.0,,2.0,,
24996,Comoros,COM,2020-06-15,0.0,,2.0,,
24996,Comoros,COM,2020-06-15,0.0,,2.0,,
24997,Comoros,COM,2020-06-16,0.0,,2.0,,
24997,Comoros,COM,2020-06-16,0.0,,2.0,,
24997,Comoros,COM,2020-06-16,0.0,,2.0,,
24998,Comoros,COM,2020-06-17,0.0,,2.0,,
24998,Comoros,COM,2020-06-17,0.0,,2.0,,
24998,Comoros,COM,2020-06-17,0.0,,2.0,,
24999,Comoros,COM,2020-06-18,0.0,,2.0,,
24999,Comoros,COM,2020-06-18,0.0,,2.0,,
24999,Comoros,COM,2020-06-18,0.0,,2.0,,
25000,Comoros,COM,2020-06-19,0.0,,2.0,,
25000,Comoros,COM,2020-06-19,0.0,,2.0,,
25000,Comoros,COM,2020-06-19,0.0,,2.0,,
25001,Comoros,COM,2020-06-20,0.0,,2.0,,
25001,Comoros,COM,2020-06-20,0.0,,2.0,,
25001,Comoros,COM,2020-06-20,0.0,,2.0,,
25002,Comoros,COM,2020-06-21,0.0,,2.0,,
25002,Comoros,COM,2020-06-21,0.0,,2.0,,
25002,Comoros,COM,2020-06-21,0.0,,2.0,,
25003,Comoros,COM,2020-06-22,0.0,,2.0,,
25003,Comoros,COM,2020-06-22,0.0,,2.0,,
25003,Comoros,COM,2020-06-22,0.0,,2.0,,
25004,Comoros,COM,2020-06-23,0.0,,2.0,,
25004,Comoros,COM,2020-06-23,0.0,,2.0,,
25004,Comoros,COM,2020-06-23,0.0,,2.0,,
25005,Comoros,COM,2020-06-24,0.0,,2.0,,
25005,Comoros,COM,2020-06-24,0.0,,2.0,,
25005,Comoros,COM,2020-06-24,0.0,,2.0,,
25006,Comoros,COM,2020-06-25,0.0,,2.0,,
25006,Comoros,COM,2020-06-25,0.0,,2.0,,
25006,Comoros,COM,2020-06-25,0.0,,2.0,,
25007,Comoros,COM,2020-06-26,0.0,,2.0,,
25007,Comoros,COM,2020-06-26,0.0,,2.0,,
25007,Comoros,COM,2020-06-26,0.0,,2.0,,
25008,Comoros,COM,2020-06-27,0.0,,2.0,,
25008,Comoros,COM,2020-06-27,0.0,,2.0,,
25008,Comoros,COM,2020-06-27,0.0,,2.0,,
25009,Comoros,COM,2020-06-28,0.0,,2.0,,
25009,Comoros,COM,2020-06-28,0.0,,2.0,,
25009,Comoros,COM,2020-06-28,0.0,,2.0,,
25010,Comoros,COM,2020-06-29,0.0,,2.0,,
25010,Comoros,COM,2020-06-29,0.0,,2.0,,
25010,Comoros,COM,2020-06-29,0.0,,2.0,,
25011,Comoros,COM,2020-06-30,0.0,,2.0,,
25011,Comoros,COM,2020-06-30,0.0,,2.0,,
25011,Comoros,COM,2020-06-30,0.0,,2.0,,
25012,Comoros,COM,2020-07-01,0.0,,2.0,,
25012,Comoros,COM,2020-07-01,0.0,,2.0,,
25012,Comoros,COM,2020-07-01,0.0,,2.0,,
25013,Comoros,COM,2020-07-02,0.0,,2.0,,
25013,Comoros,COM,2020-07-02,0.0,,2.0,,
25013,Comoros,COM,2020-07-02,0.0,,2.0,,
25014,Comoros,COM,2020-07-03,0.0,,2.0,,
25014,Comoros,COM,2020-07-03,0.0,,2.0,,
25014,Comoros,COM,2020-07-03,0.0,,2.0,,
25015,Comoros,COM,2020-07-04,0.0,,2.0,,
25015,Comoros,COM,2020-07-04,0.0,,2.0,,
25015,Comoros,COM,2020-07-04,0.0,,2.0,,
25016,Comoros,COM,2020-07-05,0.0,,2.0,,
25016,Comoros,COM,2020-07-05,0.0,,2.0,,
25016,Comoros,COM,2020-07-05,0.0,,2.0,,
25017,Comoros,COM,2020-07-06,0.0,,2.0,,
25017,Comoros,COM,2020-07-06,0.0,,2.0,,
25017,Comoros,COM,2020-07-06,0.0,,2.0,,
25018,Comoros,COM,2020-07-07,0.0,,2.0,,
25018,Comoros,COM,2020-07-07,0.0,,2.0,,
25018,Comoros,COM,2020-07-07,0.0,,2.0,,
25019,Comoros,COM,2020-07-08,0.0,,2.0,,
25019,Comoros,COM,2020-07-08,0.0,,2.0,,
25019,Comoros,COM,2020-07-08,0.0,,2.0,,
25020,Comoros,COM,2020-07-09,0.0,,2.0,,
25020,Comoros,COM,2020-07-09,0.0,,2.0,,
25020,Comoros,COM,2020-07-09,0.0,,2.0,,
25021,Comoros,COM,2020-07-10,0.0,,2.0,,
25021,Comoros,COM,2020-07-10,0.0,,2.0,,
25021,Comoros,COM,2020-07-10,0.0,,2.0,,
25022,Comoros,COM,2020-07-11,0.0,,2.0,,
25022,Comoros,COM,2020-07-11,0.0,,2.0,,
25022,Comoros,COM,2020-07-11,0.0,,2.0,,
25023,Comoros,COM,2020-07-12,0.0,,2.0,,
25023,Comoros,COM,2020-07-12,0.0,,2.0,,
25023,Comoros,COM,2020-07-12,0.0,,2.0,,
25024,Comoros,COM,2020-07-13,0.0,,2.0,,
25024,Comoros,COM,2020-07-13,0.0,,2.0,,
25024,Comoros,COM,2020-07-13,0.0,,2.0,,
25025,Comoros,COM,2020-07-14,0.0,,2.0,,
25025,Comoros,COM,2020-07-14,0.0,,2.0,,
25025,Comoros,COM,2020-07-14,0.0,,2.0,,
25026,Comoros,COM,2020-07-15,0.0,,2.0,,
25026,Comoros,COM,2020-07-15,0.0,,2.0,,
25026,Comoros,COM,2020-07-15,0.0,,2.0,,
25027,Comoros,COM,2020-07-16,0.0,,2.0,,
25027,Comoros,COM,2020-07-16,0.0,,2.0,,
25027,Comoros,COM,2020-07-16,0.0,,2.0,,
25028,Comoros,COM,2020-07-17,0.0,,2.0,,
25028,Comoros,COM,2020-07-17,0.0,,2.0,,
25028,Comoros,COM,2020-07-17,0.0,,2.0,,
25029,Comoros,COM,2020-07-18,0.0,,2.0,,
25029,Comoros,COM,2020-07-18,0.0,,2.0,,
25029,Comoros,COM,2020-07-18,0.0,,2.0,,
25030,Comoros,COM,2020-07-19,0.0,,2.0,,
25030,Comoros,COM,2020-07-19,0.0,,2.0,,
25030,Comoros,COM,2020-07-19,0.0,,2.0,,
25031,Comoros,COM,2020-07-20,0.0,,2.0,,
25031,Comoros,COM,2020-07-20,0.0,,2.0,,
25031,Comoros,COM,2020-07-20,0.0,,2.0,,
25032,Comoros,COM,2020-07-21,0.0,,2.0,,
25032,Comoros,COM,2020-07-21,0.0,,2.0,,
25032,Comoros,COM,2020-07-21,0.0,,2.0,,
25033,Comoros,COM,2020-07-22,0.0,,2.0,,
25033,Comoros,COM,2020-07-22,0.0,,2.0,,
25033,Comoros,COM,2020-07-22,0.0,,2.0,,
25034,Comoros,COM,2020-07-23,0.0,,2.0,,
25034,Comoros,COM,2020-07-23,0.0,,2.0,,
25034,Comoros,COM,2020-07-23,0.0,,2.0,,
25035,Comoros,COM,2020-07-24,0.0,,2.0,,
25035,Comoros,COM,2020-07-24,0.0,,2.0,,
25035,Comoros,COM,2020-07-24,0.0,,2.0,,
25036,Comoros,COM,2020-07-25,0.0,,2.0,,
25036,Comoros,COM,2020-07-25,0.0,,2.0,,
25036,Comoros,COM,2020-07-25,0.0,,2.0,,
25037,Comoros,COM,2020-07-26,0.0,,2.0,,
25037,Comoros,COM,2020-07-26,0.0,,2.0,,
25037,Comoros,COM,2020-07-26,0.0,,2.0,,
25038,Comoros,COM,2020-07-27,0.0,,2.0,,
25038,Comoros,COM,2020-07-27,0.0,,2.0,,
25038,Comoros,COM,2020-07-27,0.0,,2.0,,
25039,Comoros,COM,2020-07-28,0.0,,2.0,,
25039,Comoros,COM,2020-07-28,0.0,,2.0,,
25039,Comoros,COM,2020-07-28,0.0,,2.0,,
25040,Comoros,COM,2020-07-29,0.0,,2.0,,
25040,Comoros,COM,2020-07-29,0.0,,2.0,,
25040,Comoros,COM,2020-07-29,0.0,,2.0,,
25041,Comoros,COM,2020-07-30,0.0,,2.0,,
25041,Comoros,COM,2020-07-30,0.0,,2.0,,
25041,Comoros,COM,2020-07-30,0.0,,2.0,,
25042,Comoros,COM,2020-07-31,0.0,,2.0,,
25042,Comoros,COM,2020-07-31,0.0,,2.0,,
25042,Comoros,COM,2020-07-31,0.0,,2.0,,
25043,Comoros,COM,2020-08-01,0.0,,2.0,,
25043,Comoros,COM,2020-08-01,0.0,,2.0,,
25043,Comoros,COM,2020-08-01,0.0,,2.0,,
25044,Comoros,COM,2020-08-02,0.0,,2.0,,
25044,Comoros,COM,2020-08-02,0.0,,2.0,,
25044,Comoros,COM,2020-08-02,0.0,,2.0,,
25045,Comoros,COM,2020-08-03,0.0,,2.0,,
25045,Comoros,COM,2020-08-03,0.0,,2.0,,
25045,Comoros,COM,2020-08-03,0.0,,2.0,,
25046,Comoros,COM,2020-08-04,0.0,,2.0,,
25046,Comoros,COM,2020-08-04,0.0,,2.0,,
25046,Comoros,COM,2020-08-04,0.0,,2.0,,
25047,Comoros,COM,2020-08-05,0.0,,2.0,,
25047,Comoros,COM,2020-08-05,0.0,,2.0,,
25047,Comoros,COM,2020-08-05,0.0,,2.0,,
25048,Comoros,COM,2020-08-06,0.0,,2.0,,
25048,Comoros,COM,2020-08-06,0.0,,2.0,,
25048,Comoros,COM,2020-08-06,0.0,,2.0,,
25049,Comoros,COM,2020-08-07,0.0,,3.0,,
25049,Comoros,COM,2020-08-07,0.0,,3.0,,
25049,Comoros,COM,2020-08-07,0.0,,3.0,,
25050,Comoros,COM,2020-08-08,0.0,,3.0,,
25050,Comoros,COM,2020-08-08,0.0,,3.0,,
25050,Comoros,COM,2020-08-08,0.0,,3.0,,
25051,Comoros,COM,2020-08-09,0.0,,3.0,,
25051,Comoros,COM,2020-08-09,0.0,,3.0,,
25051,Comoros,COM,2020-08-09,0.0,,3.0,,
25052,Comoros,COM,2020-08-10,0.0,,3.0,,
25052,Comoros,COM,2020-08-10,0.0,,3.0,,
25052,Comoros,COM,2020-08-10,0.0,,3.0,,
25053,Comoros,COM,2020-08-11,0.0,,3.0,,
25053,Comoros,COM,2020-08-11,0.0,,3.0,,
25053,Comoros,COM,2020-08-11,0.0,,3.0,,
25054,Comoros,COM,2020-08-12,0.0,,3.0,,
25054,Comoros,COM,2020-08-12,0.0,,3.0,,
25054,Comoros,COM,2020-08-12,0.0,,3.0,,
25055,Comoros,COM,2020-08-13,0.0,,3.0,,
25055,Comoros,COM,2020-08-13,0.0,,3.0,,
25055,Comoros,COM,2020-08-13,0.0,,3.0,,
25056,Comoros,COM,2020-08-14,0.0,,3.0,,
25056,Comoros,COM,2020-08-14,0.0,,3.0,,
25056,Comoros,COM,2020-08-14,0.0,,3.0,,
25057,Comoros,COM,2020-08-15,0.0,,3.0,,
25057,Comoros,COM,2020-08-15,0.0,,3.0,,
25057,Comoros,COM,2020-08-15,0.0,,3.0,,
25058,Comoros,COM,2020-08-16,0.0,,3.0,,
25058,Comoros,COM,2020-08-16,0.0,,3.0,,
25058,Comoros,COM,2020-08-16,0.0,,3.0,,
25059,Comoros,COM,2020-08-17,0.0,,3.0,,
25059,Comoros,COM,2020-08-17,0.0,,3.0,,
25059,Comoros,COM,2020-08-17,0.0,,3.0,,
25060,Comoros,COM,2020-08-18,0.0,,3.0,,
25060,Comoros,COM,2020-08-18,0.0,,3.0,,
25060,Comoros,COM,2020-08-18,0.0,,3.0,,
25061,Comoros,COM,2020-08-19,0.0,,3.0,,
25061,Comoros,COM,2020-08-19,0.0,,3.0,,
25061,Comoros,COM,2020-08-19,0.0,,3.0,,
25062,Comoros,COM,2020-08-20,0.0,,3.0,,
25062,Comoros,COM,2020-08-20,0.0,,3.0,,
25062,Comoros,COM,2020-08-20,0.0,,3.0,,
25063,Comoros,COM,2020-08-21,0.0,,3.0,,
25063,Comoros,COM,2020-08-21,0.0,,3.0,,
25063,Comoros,COM,2020-08-21,0.0,,3.0,,
25064,Comoros,COM,2020-08-22,0.0,,3.0,,
25064,Comoros,COM,2020-08-22,0.0,,3.0,,
25064,Comoros,COM,2020-08-22,0.0,,3.0,,
25065,Comoros,COM,2020-08-23,0.0,,3.0,,
25065,Comoros,COM,2020-08-23,0.0,,3.0,,
25065,Comoros,COM,2020-08-23,0.0,,3.0,,
25066,Comoros,COM,2020-08-24,0.0,,3.0,,
25066,Comoros,COM,2020-08-24,0.0,,3.0,,
25066,Comoros,COM,2020-08-24,0.0,,3.0,,
25067,Comoros,COM,2020-08-25,0.0,,3.0,,
25067,Comoros,COM,2020-08-25,0.0,,3.0,,
25067,Comoros,COM,2020-08-25,0.0,,3.0,,
25068,Comoros,COM,2020-08-26,0.0,,3.0,,
25068,Comoros,COM,2020-08-26,0.0,,3.0,,
25068,Comoros,COM,2020-08-26,0.0,,3.0,,
25069,Comoros,COM,2020-08-27,0.0,,3.0,,
25069,Comoros,COM,2020-08-27,0.0,,3.0,,
25069,Comoros,COM,2020-08-27,0.0,,3.0,,
25070,Comoros,COM,2020-08-28,0.0,,3.0,,
25070,Comoros,COM,2020-08-28,0.0,,3.0,,
25070,Comoros,COM,2020-08-28,0.0,,3.0,,
25071,Comoros,COM,2020-08-29,0.0,,3.0,,
25071,Comoros,COM,2020-08-29,0.0,,3.0,,
25071,Comoros,COM,2020-08-29,0.0,,3.0,,
25072,Comoros,COM,2020-08-30,0.0,,3.0,,
25072,Comoros,COM,2020-08-30,0.0,,3.0,,
25072,Comoros,COM,2020-08-30,0.0,,3.0,,
25073,Comoros,COM,2020-08-31,0.0,,3.0,,
25073,Comoros,COM,2020-08-31,0.0,,3.0,,
25073,Comoros,COM,2020-08-31,0.0,,3.0,,
25074,Comoros,COM,2020-09-01,0.0,,3.0,,
25074,Comoros,COM,2020-09-01,0.0,,3.0,,
25074,Comoros,COM,2020-09-01,0.0,,3.0,,
25075,Comoros,COM,2020-09-02,0.0,,3.0,,
25075,Comoros,COM,2020-09-02,0.0,,3.0,,
25075,Comoros,COM,2020-09-02,0.0,,3.0,,
25076,Comoros,COM,2020-09-03,0.0,,3.0,,
25076,Comoros,COM,2020-09-03,0.0,,3.0,,
25076,Comoros,COM,2020-09-03,0.0,,3.0,,
25077,Comoros,COM,2020-09-04,0.0,,3.0,,
25077,Comoros,COM,2020-09-04,0.0,,3.0,,
25077,Comoros,COM,2020-09-04,0.0,,3.0,,
25078,Comoros,COM,2020-09-05,0.0,,3.0,,
25078,Comoros,COM,2020-09-05,0.0,,3.0,,
25078,Comoros,COM,2020-09-05,0.0,,3.0,,
25079,Comoros,COM,2020-09-06,0.0,,3.0,,
25079,Comoros,COM,2020-09-06,0.0,,3.0,,
25079,Comoros,COM,2020-09-06,0.0,,3.0,,
25080,Comoros,COM,2020-09-07,0.0,,3.0,,
25080,Comoros,COM,2020-09-07,0.0,,3.0,,
25080,Comoros,COM,2020-09-07,0.0,,3.0,,
25081,Comoros,COM,2020-09-08,0.0,,3.0,,
25081,Comoros,COM,2020-09-08,0.0,,3.0,,
25081,Comoros,COM,2020-09-08,0.0,,3.0,,
25082,Comoros,COM,2020-09-09,0.0,,3.0,,
25082,Comoros,COM,2020-09-09,0.0,,3.0,,
25082,Comoros,COM,2020-09-09,0.0,,3.0,,
25083,Comoros,COM,2020-09-10,0.0,,3.0,,
25083,Comoros,COM,2020-09-10,0.0,,3.0,,
25083,Comoros,COM,2020-09-10,0.0,,3.0,,
25084,Comoros,COM,2020-09-11,0.0,,3.0,,
25084,Comoros,COM,2020-09-11,0.0,,3.0,,
25084,Comoros,COM,2020-09-11,0.0,,3.0,,
25085,Comoros,COM,2020-09-12,0.0,,3.0,,
25085,Comoros,COM,2020-09-12,0.0,,3.0,,
25085,Comoros,COM,2020-09-12,0.0,,3.0,,
25086,Comoros,COM,2020-09-13,0.0,,3.0,,
25086,Comoros,COM,2020-09-13,0.0,,3.0,,
25086,Comoros,COM,2020-09-13,0.0,,3.0,,
25087,Comoros,COM,2020-09-14,0.0,,3.0,,
25087,Comoros,COM,2020-09-14,0.0,,3.0,,
25087,Comoros,COM,2020-09-14,0.0,,3.0,,
25088,Comoros,COM,2020-09-15,0.0,,3.0,,
25088,Comoros,COM,2020-09-15,0.0,,3.0,,
25088,Comoros,COM,2020-09-15,0.0,,3.0,,
25089,Comoros,COM,2020-09-16,0.0,,3.0,,
25089,Comoros,COM,2020-09-16,0.0,,3.0,,
25089,Comoros,COM,2020-09-16,0.0,,3.0,,
25090,Comoros,COM,2020-09-17,0.0,,3.0,,
25090,Comoros,COM,2020-09-17,0.0,,3.0,,
25090,Comoros,COM,2020-09-17,0.0,,3.0,,
25091,Comoros,COM,2020-09-18,0.0,,3.0,,
25091,Comoros,COM,2020-09-18,0.0,,3.0,,
25091,Comoros,COM,2020-09-18,0.0,,3.0,,
25092,Comoros,COM,2020-09-19,0.0,,3.0,,
25092,Comoros,COM,2020-09-19,0.0,,3.0,,
25092,Comoros,COM,2020-09-19,0.0,,3.0,,
25093,Comoros,COM,2020-09-20,0.0,,3.0,,
25093,Comoros,COM,2020-09-20,0.0,,3.0,,
25093,Comoros,COM,2020-09-20,0.0,,3.0,,
25094,Comoros,COM,2020-09-21,0.0,,3.0,,
25094,Comoros,COM,2020-09-21,0.0,,3.0,,
25094,Comoros,COM,2020-09-21,0.0,,3.0,,
25095,Comoros,COM,2020-09-22,0.0,,3.0,,
25095,Comoros,COM,2020-09-22,0.0,,3.0,,
25095,Comoros,COM,2020-09-22,0.0,,3.0,,
25096,Comoros,COM,2020-09-23,0.0,,3.0,,
25096,Comoros,COM,2020-09-23,0.0,,3.0,,
25096,Comoros,COM,2020-09-23,0.0,,3.0,,
25097,Comoros,COM,2020-09-24,0.0,,3.0,,
25097,Comoros,COM,2020-09-24,0.0,,3.0,,
25097,Comoros,COM,2020-09-24,0.0,,3.0,,
25098,Comoros,COM,2020-09-25,0.0,,3.0,,
25098,Comoros,COM,2020-09-25,0.0,,3.0,,
25098,Comoros,COM,2020-09-25,0.0,,3.0,,
25099,Comoros,COM,2020-09-26,0.0,,3.0,,
25099,Comoros,COM,2020-09-26,0.0,,3.0,,
25099,Comoros,COM,2020-09-26,0.0,,3.0,,
25100,Comoros,COM,2020-09-27,0.0,,3.0,,
25100,Comoros,COM,2020-09-27,0.0,,3.0,,
25100,Comoros,COM,2020-09-27,0.0,,3.0,,
25101,Comoros,COM,2020-09-28,0.0,,3.0,,
25101,Comoros,COM,2020-09-28,0.0,,3.0,,
25101,Comoros,COM,2020-09-28,0.0,,3.0,,
25102,Comoros,COM,2020-09-29,0.0,,3.0,,
25102,Comoros,COM,2020-09-29,0.0,,3.0,,
25102,Comoros,COM,2020-09-29,0.0,,3.0,,
25103,Comoros,COM,2020-09-30,0.0,,3.0,,
25103,Comoros,COM,2020-09-30,0.0,,3.0,,
25103,Comoros,COM,2020-09-30,0.0,,3.0,,
25104,Comoros,COM,2020-10-01,0.0,,3.0,,
25104,Comoros,COM,2020-10-01,0.0,,3.0,,
25104,Comoros,COM,2020-10-01,0.0,,3.0,,
25105,Comoros,COM,2020-10-02,0.0,,3.0,,
25105,Comoros,COM,2020-10-02,0.0,,3.0,,
25105,Comoros,COM,2020-10-02,0.0,,3.0,,
25106,Comoros,COM,2020-10-03,0.0,,3.0,,
25106,Comoros,COM,2020-10-03,0.0,,3.0,,
25106,Comoros,COM,2020-10-03,0.0,,3.0,,
25107,Comoros,COM,2020-10-04,0.0,,3.0,,
25107,Comoros,COM,2020-10-04,0.0,,3.0,,
25107,Comoros,COM,2020-10-04,0.0,,3.0,,
25108,Comoros,COM,2020-10-05,0.0,,3.0,,
25108,Comoros,COM,2020-10-05,0.0,,3.0,,
25108,Comoros,COM,2020-10-05,0.0,,3.0,,
25109,Comoros,COM,2020-10-06,0.0,,3.0,,
25109,Comoros,COM,2020-10-06,0.0,,3.0,,
25109,Comoros,COM,2020-10-06,0.0,,3.0,,
25110,Comoros,COM,2020-10-07,0.0,,3.0,,
25110,Comoros,COM,2020-10-07,0.0,,3.0,,
25110,Comoros,COM,2020-10-07,0.0,,3.0,,
25111,Comoros,COM,2020-10-08,0.0,,3.0,,
25111,Comoros,COM,2020-10-08,0.0,,3.0,,
25111,Comoros,COM,2020-10-08,0.0,,3.0,,
25112,Comoros,COM,2020-10-09,0.0,,3.0,,
25112,Comoros,COM,2020-10-09,0.0,,3.0,,
25112,Comoros,COM,2020-10-09,0.0,,3.0,,
25113,Comoros,COM,2020-10-10,0.0,,3.0,,
25113,Comoros,COM,2020-10-10,0.0,,3.0,,
25113,Comoros,COM,2020-10-10,0.0,,3.0,,
25114,Comoros,COM,2020-10-11,0.0,,3.0,,
25114,Comoros,COM,2020-10-11,0.0,,3.0,,
25114,Comoros,COM,2020-10-11,0.0,,3.0,,
25115,Comoros,COM,2020-10-12,0.0,,3.0,,
25115,Comoros,COM,2020-10-12,0.0,,3.0,,
25115,Comoros,COM,2020-10-12,0.0,,3.0,,
25116,Comoros,COM,2020-10-13,0.0,,,,
25116,Comoros,COM,2020-10-13,0.0,,,,
25116,Comoros,COM,2020-10-13,0.0,,,,
25116,Comoros,COM,2020-10-13,0.0,,,,
25117,Comoros,COM,2020-10-14,0.0,,,,
25117,Comoros,COM,2020-10-14,0.0,,,,
25117,Comoros,COM,2020-10-14,0.0,,,,
25117,Comoros,COM,2020-10-14,0.0,,,,
25118,Comoros,COM,2020-10-15,0.0,,,,
25118,Comoros,COM,2020-10-15,0.0,,,,
25118,Comoros,COM,2020-10-15,0.0,,,,
25118,Comoros,COM,2020-10-15,0.0,,,,
25119,Comoros,COM,2020-10-16,0.0,,,,
25119,Comoros,COM,2020-10-16,0.0,,,,
25119,Comoros,COM,2020-10-16,0.0,,,,
25119,Comoros,COM,2020-10-16,0.0,,,,
25120,Comoros,COM,2020-10-17,0.0,,,,
25120,Comoros,COM,2020-10-17,0.0,,,,
25120,Comoros,COM,2020-10-17,0.0,,,,
25120,Comoros,COM,2020-10-17,0.0,,,,
25121,Comoros,COM,2020-10-18,0.0,,,,
25121,Comoros,COM,2020-10-18,0.0,,,,
25121,Comoros,COM,2020-10-18,0.0,,,,
25121,Comoros,COM,2020-10-18,0.0,,,,
25122,Comoros,COM,2020-10-19,0.0,,,,
25122,Comoros,COM,2020-10-19,0.0,,,,
25122,Comoros,COM,2020-10-19,0.0,,,,
25122,Comoros,COM,2020-10-19,0.0,,,,
25123,Comoros,COM,2020-10-20,0.0,,,,
25123,Comoros,COM,2020-10-20,0.0,,,,
25123,Comoros,COM,2020-10-20,0.0,,,,
25123,Comoros,COM,2020-10-20,0.0,,,,
25124,Comoros,COM,2020-10-21,0.0,,,,
25124,Comoros,COM,2020-10-21,0.0,,,,
25124,Comoros,COM,2020-10-21,0.0,,,,
25124,Comoros,COM,2020-10-21,0.0,,,,
25125,Comoros,COM,2020-10-22,0.0,,,,
25125,Comoros,COM,2020-10-22,0.0,,,,
25125,Comoros,COM,2020-10-22,0.0,,,,
25125,Comoros,COM,2020-10-22,0.0,,,,
25126,Comoros,COM,2020-10-23,0.0,,,,
25126,Comoros,COM,2020-10-23,0.0,,,,
25126,Comoros,COM,2020-10-23,0.0,,,,
25126,Comoros,COM,2020-10-23,0.0,,,,
25127,Comoros,COM,2020-10-24,0.0,,,,
25127,Comoros,COM,2020-10-24,0.0,,,,
25127,Comoros,COM,2020-10-24,0.0,,,,
25127,Comoros,COM,2020-10-24,0.0,,,,
25128,Comoros,COM,2020-10-25,0.0,,,,
25128,Comoros,COM,2020-10-25,0.0,,,,
25128,Comoros,COM,2020-10-25,0.0,,,,
25128,Comoros,COM,2020-10-25,0.0,,,,
25129,Comoros,COM,2020-10-26,0.0,,,,
25129,Comoros,COM,2020-10-26,0.0,,,,
25129,Comoros,COM,2020-10-26,0.0,,,,
25129,Comoros,COM,2020-10-26,0.0,,,,
25130,Comoros,COM,2020-10-27,0.0,,,,
25130,Comoros,COM,2020-10-27,0.0,,,,
25130,Comoros,COM,2020-10-27,0.0,,,,
25130,Comoros,COM,2020-10-27,0.0,,,,
25131,Comoros,COM,2020-10-28,0.0,,,,
25131,Comoros,COM,2020-10-28,0.0,,,,
25131,Comoros,COM,2020-10-28,0.0,,,,
25131,Comoros,COM,2020-10-28,0.0,,,,
25132,Comoros,COM,2020-10-29,0.0,,,,
25132,Comoros,COM,2020-10-29,0.0,,,,
25132,Comoros,COM,2020-10-29,0.0,,,,
25132,Comoros,COM,2020-10-29,0.0,,,,
25133,Comoros,COM,2020-10-30,0.0,,,,
25133,Comoros,COM,2020-10-30,0.0,,,,
25133,Comoros,COM,2020-10-30,0.0,,,,
25133,Comoros,COM,2020-10-30,0.0,,,,
25134,Comoros,COM,2020-10-31,0.0,,,,
25134,Comoros,COM,2020-10-31,0.0,,,,
25134,Comoros,COM,2020-10-31,0.0,,,,
25134,Comoros,COM,2020-10-31,0.0,,,,
25135,Comoros,COM,2020-11-01,0.0,,,,
25135,Comoros,COM,2020-11-01,0.0,,,,
25135,Comoros,COM,2020-11-01,0.0,,,,
25135,Comoros,COM,2020-11-01,0.0,,,,
25136,Comoros,COM,2020-11-02,0.0,,,,
25136,Comoros,COM,2020-11-02,0.0,,,,
25136,Comoros,COM,2020-11-02,0.0,,,,
25136,Comoros,COM,2020-11-02,0.0,,,,
25137,Comoros,COM,2020-11-03,0.0,,,,
25137,Comoros,COM,2020-11-03,0.0,,,,
25137,Comoros,COM,2020-11-03,0.0,,,,
25137,Comoros,COM,2020-11-03,0.0,,,,
25138,Comoros,COM,2020-11-04,0.0,,,,
25138,Comoros,COM,2020-11-04,0.0,,,,
25138,Comoros,COM,2020-11-04,0.0,,,,
25138,Comoros,COM,2020-11-04,0.0,,,,
25139,Comoros,COM,2020-11-05,0.0,,,,
25139,Comoros,COM,2020-11-05,0.0,,,,
25139,Comoros,COM,2020-11-05,0.0,,,,
25139,Comoros,COM,2020-11-05,0.0,,,,
25140,Comoros,COM,2020-11-06,0.0,,,,
25140,Comoros,COM,2020-11-06,0.0,,,,
25140,Comoros,COM,2020-11-06,0.0,,,,
25140,Comoros,COM,2020-11-06,0.0,,,,
25141,Comoros,COM,2020-11-07,0.0,,,,
25141,Comoros,COM,2020-11-07,0.0,,,,
25141,Comoros,COM,2020-11-07,0.0,,,,
25141,Comoros,COM,2020-11-07,0.0,,,,
25142,Comoros,COM,2020-11-08,0.0,,,,
25142,Comoros,COM,2020-11-08,0.0,,,,
25142,Comoros,COM,2020-11-08,0.0,,,,
25142,Comoros,COM,2020-11-08,0.0,,,,
25143,Comoros,COM,2020-11-09,0.0,,,,
25143,Comoros,COM,2020-11-09,0.0,,,,
25143,Comoros,COM,2020-11-09,0.0,,,,
25143,Comoros,COM,2020-11-09,0.0,,,,
25144,Comoros,COM,2020-11-10,0.0,,,,
25144,Comoros,COM,2020-11-10,0.0,,,,
25144,Comoros,COM,2020-11-10,0.0,,,,
25144,Comoros,COM,2020-11-10,0.0,,,,
25145,Comoros,COM,2020-11-11,0.0,,,,
25145,Comoros,COM,2020-11-11,0.0,,,,
25145,Comoros,COM,2020-11-11,0.0,,,,
25145,Comoros,COM,2020-11-11,0.0,,,,
25146,Comoros,COM,2020-11-12,0.0,,,,
25146,Comoros,COM,2020-11-12,0.0,,,,
25146,Comoros,COM,2020-11-12,0.0,,,,
25146,Comoros,COM,2020-11-12,0.0,,,,
25147,Comoros,COM,2020-11-13,0.0,,,,
25147,Comoros,COM,2020-11-13,0.0,,,,
25147,Comoros,COM,2020-11-13,0.0,,,,
25147,Comoros,COM,2020-11-13,0.0,,,,
25148,Comoros,COM,2020-11-14,0.0,,,,
25148,Comoros,COM,2020-11-14,0.0,,,,
25148,Comoros,COM,2020-11-14,0.0,,,,
25148,Comoros,COM,2020-11-14,0.0,,,,
25149,Comoros,COM,2020-11-15,0.0,,,,
25149,Comoros,COM,2020-11-15,0.0,,,,
25149,Comoros,COM,2020-11-15,0.0,,,,
25149,Comoros,COM,2020-11-15,0.0,,,,
25150,Comoros,COM,2020-11-16,0.0,,,,
25150,Comoros,COM,2020-11-16,0.0,,,,
25150,Comoros,COM,2020-11-16,0.0,,,,
25150,Comoros,COM,2020-11-16,0.0,,,,
25151,Comoros,COM,2020-11-17,0.0,,,,
25151,Comoros,COM,2020-11-17,0.0,,,,
25151,Comoros,COM,2020-11-17,0.0,,,,
25151,Comoros,COM,2020-11-17,0.0,,,,
25152,Comoros,COM,2020-11-18,0.0,,,,
25152,Comoros,COM,2020-11-18,0.0,,,,
25152,Comoros,COM,2020-11-18,0.0,,,,
25152,Comoros,COM,2020-11-18,0.0,,,,
25153,Comoros,COM,2020-11-19,0.0,,,,
25153,Comoros,COM,2020-11-19,0.0,,,,
25153,Comoros,COM,2020-11-19,0.0,,,,
25153,Comoros,COM,2020-11-19,0.0,,,,
25154,Comoros,COM,2020-11-20,0.0,,,,
25154,Comoros,COM,2020-11-20,0.0,,,,
25154,Comoros,COM,2020-11-20,0.0,,,,
25154,Comoros,COM,2020-11-20,0.0,,,,
25155,Comoros,COM,2020-11-21,0.0,,,,
25155,Comoros,COM,2020-11-21,0.0,,,,
25155,Comoros,COM,2020-11-21,0.0,,,,
25155,Comoros,COM,2020-11-21,0.0,,,,
25156,Comoros,COM,2020-11-22,0.0,,,,
25156,Comoros,COM,2020-11-22,0.0,,,,
25156,Comoros,COM,2020-11-22,0.0,,,,
25156,Comoros,COM,2020-11-22,0.0,,,,
25157,Comoros,COM,2020-11-23,0.0,,,,
25157,Comoros,COM,2020-11-23,0.0,,,,
25157,Comoros,COM,2020-11-23,0.0,,,,
25157,Comoros,COM,2020-11-23,0.0,,,,
25158,Comoros,COM,2020-11-24,0.0,,,,
25158,Comoros,COM,2020-11-24,0.0,,,,
25158,Comoros,COM,2020-11-24,0.0,,,,
25158,Comoros,COM,2020-11-24,0.0,,,,
25159,Comoros,COM,2020-11-25,0.0,,,,
25159,Comoros,COM,2020-11-25,0.0,,,,
25159,Comoros,COM,2020-11-25,0.0,,,,
25159,Comoros,COM,2020-11-25,0.0,,,,
25160,Comoros,COM,2020-11-26,0.0,,,,
25160,Comoros,COM,2020-11-26,0.0,,,,
25160,Comoros,COM,2020-11-26,0.0,,,,
25160,Comoros,COM,2020-11-26,0.0,,,,
25161,Comoros,COM,2020-11-27,0.0,,,,
25161,Comoros,COM,2020-11-27,0.0,,,,
25161,Comoros,COM,2020-11-27,0.0,,,,
25161,Comoros,COM,2020-11-27,0.0,,,,
25162,Comoros,COM,2020-11-28,0.0,,,,
25162,Comoros,COM,2020-11-28,0.0,,,,
25162,Comoros,COM,2020-11-28,0.0,,,,
25162,Comoros,COM,2020-11-28,0.0,,,,
25163,Comoros,COM,2020-11-29,0.0,,,,
25163,Comoros,COM,2020-11-29,0.0,,,,
25163,Comoros,COM,2020-11-29,0.0,,,,
25163,Comoros,COM,2020-11-29,0.0,,,,
25164,Comoros,COM,2020-11-30,0.0,,,,
25164,Comoros,COM,2020-11-30,0.0,,,,
25164,Comoros,COM,2020-11-30,0.0,,,,
25164,Comoros,COM,2020-11-30,0.0,,,,
25165,Comoros,COM,2020-12-01,0.0,,,,
25165,Comoros,COM,2020-12-01,0.0,,,,
25165,Comoros,COM,2020-12-01,0.0,,,,
25165,Comoros,COM,2020-12-01,0.0,,,,
25166,Comoros,COM,2020-12-02,0.0,,,,
25166,Comoros,COM,2020-12-02,0.0,,,,
25166,Comoros,COM,2020-12-02,0.0,,,,
25166,Comoros,COM,2020-12-02,0.0,,,,
25167,Comoros,COM,2020-12-03,0.0,,,,
25167,Comoros,COM,2020-12-03,0.0,,,,
25167,Comoros,COM,2020-12-03,0.0,,,,
25167,Comoros,COM,2020-12-03,0.0,,,,
25168,Comoros,COM,2020-12-04,0.0,,,,
25168,Comoros,COM,2020-12-04,0.0,,,,
25168,Comoros,COM,2020-12-04,0.0,,,,
25168,Comoros,COM,2020-12-04,0.0,,,,
25169,Comoros,COM,2020-12-05,0.0,,,,
25169,Comoros,COM,2020-12-05,0.0,,,,
25169,Comoros,COM,2020-12-05,0.0,,,,
25169,Comoros,COM,2020-12-05,0.0,,,,
25170,Comoros,COM,2020-12-06,0.0,,,,
25170,Comoros,COM,2020-12-06,0.0,,,,
25170,Comoros,COM,2020-12-06,0.0,,,,
25170,Comoros,COM,2020-12-06,0.0,,,,
25171,Comoros,COM,2020-12-07,0.0,,,,
25171,Comoros,COM,2020-12-07,0.0,,,,
25171,Comoros,COM,2020-12-07,0.0,,,,
25171,Comoros,COM,2020-12-07,0.0,,,,
26765,Cote d'Ivoire,CIV,2020-09-01,0.0,2.0,,2.0,1.0
26766,Cote d'Ivoire,CIV,2020-09-02,0.0,2.0,,2.0,1.0
26767,Cote d'Ivoire,CIV,2020-09-03,0.0,2.0,,2.0,1.0
26768,Cote d'Ivoire,CIV,2020-09-04,0.0,2.0,,2.0,1.0
26769,Cote d'Ivoire,CIV,2020-09-05,0.0,2.0,,2.0,1.0
26770,Cote d'Ivoire,CIV,2020-09-06,0.0,2.0,,2.0,1.0
26771,Cote d'Ivoire,CIV,2020-09-07,0.0,2.0,,2.0,1.0
26772,Cote d'Ivoire,CIV,2020-09-08,0.0,2.0,,2.0,1.0
26773,Cote d'Ivoire,CIV,2020-09-09,0.0,2.0,,2.0,1.0
30233,Democratic Republic of Congo,COD,2021-01-20,0.0,1.0,,0.0,2.0
30234,Democratic Republic of Congo,COD,2021-01-21,0.0,1.0,,0.0,2.0
30235,Democratic Republic of Congo,COD,2021-01-22,0.0,1.0,,0.0,2.0
30236,Democratic Republic of Congo,COD,2021-01-23,0.0,1.0,,0.0,2.0
30237,Democratic Republic of Congo,COD,2021-01-24,0.0,1.0,,0.0,2.0
30238,Democratic Republic of Congo,COD,2021-01-25,0.0,1.0,,0.0,2.0
30239,Democratic Republic of Congo,COD,2021-01-26,0.0,1.0,,0.0,2.0
30240,Democratic Republic of Congo,COD,2021-01-27,0.0,1.0,,0.0,2.0
30241,Democratic Republic of Congo,COD,2021-01-28,0.0,1.0,,0.0,2.0
30242,Democratic Republic of Congo,COD,2021-01-29,0.0,1.0,,0.0,2.0
30243,Democratic Republic of Congo,COD,2021-01-30,0.0,1.0,,0.0,2.0
30244,Democratic Republic of Congo,COD,2021-01-31,0.0,1.0,,0.0,2.0
30245,Democratic Republic of Congo,COD,2021-02-01,0.0,1.0,,0.0,2.0
32149,Dominica,DMA,2020-10-29,0.0,3.0,,2.0,0.0
32150,Dominica,DMA,2020-10-30,0.0,3.0,,2.0,0.0
32151,Dominica,DMA,2020-10-31,0.0,3.0,,2.0,0.0
32152,Dominica,DMA,2020-11-01,0.0,3.0,,2.0,0.0
32153,Dominica,DMA,2020-11-02,0.0,3.0,,2.0,0.0
32154,Dominica,DMA,2020-11-03,0.0,3.0,,2.0,0.0
32155,Dominica,DMA,2020-11-04,0.0,3.0,,2.0,0.0
32156,Dominica,DMA,2020-11-05,0.0,3.0,,2.0,0.0
32157,Dominica,DMA,2020-11-06,0.0,3.0,,2.0,0.0
32158,Dominica,DMA,2020-11-07,0.0,3.0,,2.0,0.0
32159,Dominica,DMA,2020-11-08,0.0,3.0,,2.0,0.0
32160,Dominica,DMA,2020-11-09,0.0,3.0,,2.0,0.0
36379,Estonia,EST,2021-06-01,5.0,,2.0,3.0,0.0
36380,Estonia,EST,2021-06-02,5.0,,2.0,3.0,0.0
36381,Estonia,EST,2021-06-03,5.0,,2.0,3.0,0.0
36382,Estonia,EST,2021-06-04,5.0,,2.0,3.0,0.0
36383,Estonia,EST,2021-06-05,5.0,,2.0,3.0,0.0
36384,Estonia,EST,2021-06-06,5.0,,2.0,3.0,0.0
36385,Estonia,EST,2021-06-07,5.0,,2.0,3.0,0.0
36386,Estonia,EST,2021-06-08,5.0,,2.0,3.0,0.0
36387,Estonia,EST,2021-06-09,5.0,,2.0,3.0,0.0
36388,Estonia,EST,2021-06-10,5.0,,2.0,3.0,0.0
36389,Estonia,EST,2021-06-11,5.0,,2.0,2.0,0.0
36390,Estonia,EST,2021-06-12,5.0,,2.0,2.0,0.0
36391,Estonia,EST,2021-06-13,5.0,,2.0,2.0,0.0
36392,Estonia,EST,2021-06-14,5.0,,2.0,2.0,0.0
36498,Estonia,EST,2021-09-28,5.0,,2.0,1.0,0.0
39072,Fiji,FJI,2021-06-29,3.0,2.0,2.0,,2.0
39073,Fiji,FJI,2021-06-30,3.0,2.0,2.0,,2.0
39074,Fiji,FJI,2021-07-01,3.0,2.0,2.0,,2.0
39075,Fiji,FJI,2021-07-02,3.0,2.0,2.0,,2.0
39076,Fiji,FJI,2021-07-03,3.0,2.0,2.0,,2.0
39077,Fiji,FJI,2021-07-04,3.0,2.0,2.0,,2.0
39078,Fiji,FJI,2021-07-05,3.0,2.0,2.0,,2.0
41785,Gambia,GMB,2021-07-04,5.0,1.0,3.0,,
41785,Gambia,GMB,2021-07-04,5.0,1.0,3.0,,
43828,Ghana,GHA,2021-07-18,3.0,2.0,4.0,3.0,
43829,Ghana,GHA,2021-07-19,3.0,2.0,4.0,3.0,
43830,Ghana,GHA,2021-07-20,3.0,2.0,4.0,3.0,
43831,Ghana,GHA,2021-07-21,3.0,2.0,4.0,3.0,
43832,Ghana,GHA,2021-07-22,3.0,2.0,4.0,3.0,
43833,Ghana,GHA,2021-07-23,3.0,2.0,4.0,3.0,
43834,Ghana,GHA,2021-07-24,3.0,2.0,4.0,3.0,
43835,Ghana,GHA,2021-07-25,3.0,2.0,4.0,3.0,
43836,Ghana,GHA,2021-07-26,3.0,2.0,4.0,3.0,
43837,Ghana,GHA,2021-07-27,3.0,2.0,4.0,3.0,
43838,Ghana,GHA,2021-07-28,3.0,2.0,4.0,3.0,
43839,Ghana,GHA,2021-07-29,3.0,2.0,4.0,3.0,
43840,Ghana,GHA,2021-07-30,3.0,2.0,4.0,3.0,
43841,Ghana,GHA,2021-07-31,3.0,2.0,4.0,3.0,
43842,Ghana,GHA,2021-08-01,3.0,2.0,4.0,3.0,
43843,Ghana,GHA,2021-08-02,3.0,2.0,4.0,3.0,
43844,Ghana,GHA,2021-08-03,3.0,2.0,4.0,3.0,
43845,Ghana,GHA,2021-08-04,3.0,2.0,4.0,3.0,
46954,Guinea,GIN,2020-11-10,0.0,,,3.0,2.0
46954,Guinea,GIN,2020-11-10,0.0,,,3.0,2.0
49066,Honduras,HND,2021-02-12,0.0,1.0,3.0,,2.0
49443,Hong Kong,HKG,2020-05-10,0.0,2.0,,3.0,1.0
61314,Kuwait,KWT,2021-09-14,5.0,3.0,3.0,,0.0
61315,Kuwait,KWT,2021-09-15,5.0,3.0,3.0,,0.0
61316,Kuwait,KWT,2021-09-16,5.0,3.0,3.0,,0.0
61317,Kuwait,KWT,2021-09-17,5.0,3.0,3.0,,0.0
61318,Kuwait,KWT,2021-09-18,5.0,3.0,3.0,,0.0
61319,Kuwait,KWT,2021-09-19,5.0,3.0,3.0,,0.0
61320,Kuwait,KWT,2021-09-20,5.0,3.0,3.0,,0.0
61321,Kuwait,KWT,2021-09-21,5.0,3.0,3.0,,0.0
64549,Lesotho,LSO,2021-05-10,0.0,,2.0,2.0,1.0
64550,Lesotho,LSO,2021-05-11,0.0,,2.0,2.0,1.0
64551,Lesotho,LSO,2021-05-12,0.0,,2.0,2.0,1.0
64552,Lesotho,LSO,2021-05-13,0.0,,2.0,2.0,1.0
64553,Lesotho,LSO,2021-05-14,0.0,,2.0,2.0,1.0
64554,Lesotho,LSO,2021-05-15,0.0,,2.0,2.0,1.0
64555,Lesotho,LSO,2021-05-16,0.0,,2.0,2.0,1.0
64556,Lesotho,LSO,2021-05-17,0.0,,2.0,2.0,1.0
64557,Lesotho,LSO,2021-05-18,0.0,,2.0,2.0,1.0
64558,Lesotho,LSO,2021-05-19,0.0,,2.0,2.0,1.0
64559,Lesotho,LSO,2021-05-20,0.0,,2.0,2.0,1.0
64560,Lesotho,LSO,2021-05-21,0.0,,2.0,2.0,1.0
64561,Lesotho,LSO,2021-05-22,0.0,,2.0,2.0,1.0
64562,Lesotho,LSO,2021-05-23,0.0,,2.0,2.0,1.0
64563,Lesotho,LSO,2021-05-24,0.0,,2.0,2.0,1.0
64717,Lesotho,LSO,2021-10-25,5.0,2.0,3.0,,2.0
69171,Madagascar,MDG,2021-03-09,0.0,,3.0,2.0,0.0
69172,Madagascar,MDG,2021-03-10,0.0,,3.0,2.0,0.0
69173,Madagascar,MDG,2021-03-11,0.0,,3.0,2.0,0.0
69174,Madagascar,MDG,2021-03-12,0.0,,3.0,2.0,0.0
69175,Madagascar,MDG,2021-03-13,0.0,,3.0,2.0,0.0
69176,Madagascar,MDG,2021-03-14,0.0,,3.0,2.0,0.0
69177,Madagascar,MDG,2021-03-15,0.0,,3.0,2.0,0.0
69178,Madagascar,MDG,2021-03-16,0.0,,3.0,2.0,0.0
69179,Madagascar,MDG,2021-03-17,0.0,,3.0,2.0,0.0
69180,Madagascar,MDG,2021-03-18,0.0,,3.0,2.0,0.0
69181,Madagascar,MDG,2021-03-19,0.0,,3.0,2.0,0.0
69182,Madagascar,MDG,2021-03-20,0.0,,3.0,2.0,0.0
69183,Madagascar,MDG,2021-03-21,0.0,,3.0,2.0,0.0
69184,Madagascar,MDG,2021-03-22,0.0,,3.0,2.0,0.0
74694,Moldova,MDA,2021-07-22,3.0,2.0,,4.0,2.0
74695,Moldova,MDA,2021-07-23,3.0,2.0,,4.0,2.0
74696,Moldova,MDA,2021-07-24,3.0,2.0,,4.0,2.0
74697,Moldova,MDA,2021-07-25,3.0,2.0,,4.0,2.0
74698,Moldova,MDA,2021-07-26,3.0,2.0,,4.0,2.0
74699,Moldova,MDA,2021-07-27,3.0,2.0,,4.0,2.0
74700,Moldova,MDA,2021-07-28,3.0,2.0,,4.0,2.0
74701,Moldova,MDA,2021-07-29,3.0,2.0,,4.0,2.0
74702,Moldova,MDA,2021-07-30,3.0,2.0,,4.0,2.0
74703,Moldova,MDA,2021-07-31,3.0,2.0,,4.0,2.0
74704,Moldova,MDA,2021-08-01,3.0,2.0,,4.0,2.0
74705,Moldova,MDA,2021-08-02,3.0,2.0,,4.0,2.0
74706,Moldova,MDA,2021-08-03,3.0,2.0,,4.0,2.0
74707,Moldova,MDA,2021-08-04,3.0,2.0,,4.0,2.0
74708,Moldova,MDA,2021-08-05,3.0,2.0,,4.0,2.0
74709,Moldova,MDA,2021-08-06,3.0,2.0,,4.0,2.0
74710,Moldova,MDA,2021-08-07,3.0,2.0,,4.0,2.0
74711,Moldova,MDA,2021-08-08,3.0,2.0,,4.0,2.0
74712,Moldova,MDA,2021-08-09,3.0,2.0,,4.0,2.0
74713,Moldova,MDA,2021-08-10,3.0,2.0,,4.0,2.0
74714,Moldova,MDA,2021-08-11,3.0,2.0,,4.0,2.0
77946,Myanmar,MMR,2021-04-13,2.0,,4.0,4.0,2.0
77947,Myanmar,MMR,2021-04-14,2.0,,4.0,4.0,2.0
77948,Myanmar,MMR,2021-04-15,2.0,,4.0,4.0,2.0
77949,Myanmar,MMR,2021-04-16,2.0,,4.0,4.0,2.0
77950,Myanmar,MMR,2021-04-17,2.0,,4.0,4.0,2.0
77951,Myanmar,MMR,2021-04-18,2.0,,4.0,4.0,2.0
77952,Myanmar,MMR,2021-04-19,2.0,,4.0,4.0,2.0
77953,Myanmar,MMR,2021-04-20,2.0,,4.0,4.0,2.0
77954,Myanmar,MMR,2021-04-21,2.0,,4.0,4.0,2.0
77955,Myanmar,MMR,2021-04-22,2.0,,4.0,4.0,2.0
77956,Myanmar,MMR,2021-04-23,2.0,,4.0,4.0,2.0
77957,Myanmar,MMR,2021-04-24,2.0,,4.0,4.0,2.0
77958,Myanmar,MMR,2021-04-25,2.0,,4.0,4.0,2.0
78491,Namibia,NAM,2020-12-01,0.0,,,2.0,0.0
78491,Namibia,NAM,2020-12-01,0.0,,,2.0,0.0
78492,Namibia,NAM,2020-12-02,0.0,,,2.0,0.0
78492,Namibia,NAM,2020-12-02,0.0,,,2.0,0.0
78493,Namibia,NAM,2020-12-03,0.0,,,2.0,0.0
78493,Namibia,NAM,2020-12-03,0.0,,,2.0,0.0
78494,Namibia,NAM,2020-12-04,0.0,,,2.0,0.0
78494,Namibia,NAM,2020-12-04,0.0,,,2.0,0.0
78495,Namibia,NAM,2020-12-05,0.0,,,2.0,0.0
78495,Namibia,NAM,2020-12-05,0.0,,,2.0,0.0
78496,Namibia,NAM,2020-12-06,0.0,,,2.0,0.0
78496,Namibia,NAM,2020-12-06,0.0,,,2.0,0.0
78497,Namibia,NAM,2020-12-07,0.0,,,2.0,0.0
78497,Namibia,NAM,2020-12-07,0.0,,,2.0,0.0
79141,Nepal,NPL,2020-11-10,0.0,,4.0,3.0,1.0
79142,Nepal,NPL,2020-11-11,0.0,,4.0,3.0,1.0
79143,Nepal,NPL,2020-11-12,0.0,,4.0,3.0,1.0
79144,Nepal,NPL,2020-11-13,0.0,,4.0,3.0,1.0
79145,Nepal,NPL,2020-11-14,0.0,,4.0,3.0,1.0
79146,Nepal,NPL,2020-11-15,0.0,,4.0,3.0,1.0
79147,Nepal,NPL,2020-11-16,0.0,,4.0,3.0,1.0
79148,Nepal,NPL,2020-11-17,0.0,,4.0,3.0,1.0
79149,Nepal,NPL,2020-11-18,0.0,,4.0,3.0,1.0
79150,Nepal,NPL,2020-11-19,0.0,,4.0,3.0,1.0
79151,Nepal,NPL,2020-11-20,0.0,,4.0,3.0,1.0
79152,Nepal,NPL,2020-11-21,0.0,,4.0,3.0,1.0
79153,Nepal,NPL,2020-11-22,0.0,,4.0,3.0,1.0
79154,Nepal,NPL,2020-11-23,0.0,,4.0,3.0,1.0
79155,Nepal,NPL,2020-11-24,0.0,,4.0,3.0,1.0
79156,Nepal,NPL,2020-11-25,0.0,,4.0,3.0,1.0
79157,Nepal,NPL,2020-11-26,0.0,,4.0,3.0,1.0
79158,Nepal,NPL,2020-11-27,0.0,,4.0,3.0,1.0
79159,Nepal,NPL,2020-11-28,0.0,,4.0,3.0,1.0
79160,Nepal,NPL,2020-11-29,0.0,,4.0,3.0,1.0
79161,Nepal,NPL,2020-11-30,0.0,,4.0,3.0,1.0
79162,Nepal,NPL,2020-12-01,0.0,,4.0,3.0,1.0
79163,Nepal,NPL,2020-12-02,0.0,,4.0,3.0,1.0
79164,Nepal,NPL,2020-12-03,0.0,,4.0,3.0,1.0
79165,Nepal,NPL,2020-12-04,0.0,,4.0,3.0,1.0
79166,Nepal,NPL,2020-12-05,0.0,,4.0,3.0,1.0
79167,Nepal,NPL,2020-12-06,0.0,,4.0,3.0,1.0
79168,Nepal,NPL,2020-12-07,0.0,,4.0,3.0,1.0
79169,Nepal,NPL,2020-12-08,0.0,,4.0,3.0,1.0
79170,Nepal,NPL,2020-12-09,0.0,,4.0,3.0,1.0
79171,Nepal,NPL,2020-12-10,0.0,,4.0,3.0,1.0
79172,Nepal,NPL,2020-12-11,0.0,,4.0,3.0,1.0
79173,Nepal,NPL,2020-12-12,0.0,,4.0,3.0,1.0
79174,Nepal,NPL,2020-12-13,0.0,,4.0,3.0,1.0
79175,Nepal,NPL,2020-12-14,0.0,,4.0,3.0,1.0
79176,Nepal,NPL,2020-12-15,0.0,,4.0,3.0,1.0
79177,Nepal,NPL,2020-12-16,0.0,,4.0,3.0,1.0
79178,Nepal,NPL,2020-12-17,0.0,,4.0,3.0,1.0
79179,Nepal,NPL,2020-12-18,0.0,,4.0,3.0,1.0
79180,Nepal,NPL,2020-12-19,0.0,,4.0,3.0,1.0
79181,Nepal,NPL,2020-12-20,0.0,,4.0,3.0,1.0
79182,Nepal,NPL,2020-12-21,1.0,,4.0,3.0,1.0
79183,Nepal,NPL,2020-12-22,1.0,,4.0,3.0,1.0
79184,Nepal,NPL,2020-12-23,1.0,,4.0,3.0,1.0
79185,Nepal,NPL,2020-12-24,1.0,,4.0,3.0,1.0
79186,Nepal,NPL,2020-12-25,1.0,,4.0,3.0,1.0
79187,Nepal,NPL,2020-12-26,1.0,,4.0,3.0,1.0
79188,Nepal,NPL,2020-12-27,1.0,,4.0,3.0,1.0
79189,Nepal,NPL,2020-12-28,1.0,,4.0,3.0,1.0
79190,Nepal,NPL,2020-12-29,1.0,,4.0,3.0,1.0
79191,Nepal,NPL,2020-12-30,1.0,,4.0,3.0,1.0
80646,New Zealand,NZL,2021-04-12,2.0,2.0,2.0,,0.0
80647,New Zealand,NZL,2021-04-13,2.0,2.0,2.0,,0.0
80648,New Zealand,NZL,2021-04-14,2.0,2.0,2.0,,0.0
80649,New Zealand,NZL,2021-04-15,2.0,2.0,2.0,,0.0
80650,New Zealand,NZL,2021-04-16,2.0,2.0,2.0,,0.0
80651,New Zealand,NZL,2021-04-17,2.0,2.0,2.0,,0.0
80652,New Zealand,NZL,2021-04-18,2.0,2.0,2.0,,0.0
80653,New Zealand,NZL,2021-04-19,2.0,2.0,2.0,,0.0
80961,Nicaragua,NIC,2020-04-14,0.0,,0.0,0.0,0.0
82163,Niger,NER,2021-10-05,4.0,,3.0,3.0,0.0
82164,Niger,NER,2021-10-06,4.0,,3.0,3.0,0.0
82165,Niger,NER,2021-10-07,4.0,,3.0,3.0,0.0
82166,Niger,NER,2021-10-08,4.0,,3.0,3.0,0.0
82167,Niger,NER,2021-10-09,4.0,,3.0,3.0,0.0
82168,Niger,NER,2021-10-10,4.0,,3.0,3.0,0.0
82169,Niger,NER,2021-10-11,4.0,,3.0,3.0,0.0
82170,Niger,NER,2021-10-12,4.0,,3.0,3.0,0.0
82171,Niger,NER,2021-10-13,4.0,,3.0,3.0,0.0
82172,Niger,NER,2021-10-14,4.0,,3.0,3.0,0.0
82173,Niger,NER,2021-10-15,4.0,,3.0,3.0,0.0
82174,Niger,NER,2021-10-16,4.0,,3.0,3.0,0.0
82175,Niger,NER,2021-10-17,4.0,,3.0,3.0,0.0
82176,Niger,NER,2021-10-18,4.0,,3.0,3.0,0.0
82177,Niger,NER,2021-10-19,4.0,,3.0,3.0,0.0
82178,Niger,NER,2021-10-20,4.0,,3.0,3.0,0.0
82179,Niger,NER,2021-10-21,4.0,,3.0,3.0,0.0
82180,Niger,NER,2021-10-22,4.0,,3.0,3.0,0.0
82181,Niger,NER,2021-10-23,4.0,,3.0,3.0,0.0
82182,Niger,NER,2021-10-24,4.0,,3.0,3.0,0.0
84128,Oman,OMN,2021-08-16,4.0,3.0,,4.0,1.0
84129,Oman,OMN,2021-08-17,4.0,3.0,,4.0,1.0
84130,Oman,OMN,2021-08-18,4.0,3.0,,4.0,1.0
84131,Oman,OMN,2021-08-19,4.0,3.0,,4.0,1.0
84132,Oman,OMN,2021-08-20,4.0,3.0,,4.0,1.0
84133,Oman,OMN,2021-08-21,4.0,3.0,,4.0,1.0
84134,Oman,OMN,2021-08-22,4.0,3.0,,4.0,1.0
84135,Oman,OMN,2021-08-23,4.0,3.0,,4.0,1.0
84185,Oman,OMN,2021-10-12,5.0,3.0,4.0,4.0,
84198,Oman,OMN,2021-10-25,5.0,3.0,4.0,4.0,
84363,Pakistan,PAK,2020-05-30,0.0,2.0,,4.0,2.0
86229,Panama,PAN,2021-11-07,4.0,2.0,,4.0,
86229,Panama,PAN,2021-11-07,4.0,2.0,,4.0,
87389,Paraguay,PRY,2021-05-03,1.0,2.0,,3.0,
87389,Paraguay,PRY,2021-05-03,1.0,2.0,,3.0,
87390,Paraguay,PRY,2021-05-04,1.0,2.0,,3.0,
87390,Paraguay,PRY,2021-05-04,1.0,2.0,,3.0,
87391,Paraguay,PRY,2021-05-05,1.0,2.0,,3.0,
87391,Paraguay,PRY,2021-05-05,1.0,2.0,,3.0,
87392,Paraguay,PRY,2021-05-06,1.0,2.0,,3.0,
87392,Paraguay,PRY,2021-05-06,1.0,2.0,,3.0,
87393,Paraguay,PRY,2021-05-07,1.0,2.0,,3.0,
87393,Paraguay,PRY,2021-05-07,1.0,2.0,,3.0,
87394,Paraguay,PRY,2021-05-08,1.0,2.0,,3.0,
87394,Paraguay,PRY,2021-05-08,1.0,2.0,,3.0,
87395,Paraguay,PRY,2021-05-09,1.0,2.0,,3.0,
87395,Paraguay,PRY,2021-05-09,1.0,2.0,,3.0,
87396,Paraguay,PRY,2021-05-10,1.0,2.0,,3.0,
87396,Paraguay,PRY,2021-05-10,1.0,2.0,,3.0,
87397,Paraguay,PRY,2021-05-11,1.0,2.0,,3.0,
87397,Paraguay,PRY,2021-05-11,1.0,2.0,,3.0,
87398,Paraguay,PRY,2021-05-12,1.0,2.0,,3.0,2.0
87399,Paraguay,PRY,2021-05-13,1.0,2.0,,3.0,2.0
87400,Paraguay,PRY,2021-05-14,1.0,2.0,,3.0,2.0
87401,Paraguay,PRY,2021-05-15,1.0,2.0,,3.0,2.0
87402,Paraguay,PRY,2021-05-16,1.0,2.0,,3.0,2.0
87403,Paraguay,PRY,2021-05-17,1.0,2.0,,3.0,2.0
87404,Paraguay,PRY,2021-05-18,1.0,2.0,,3.0,2.0
87405,Paraguay,PRY,2021-05-19,1.0,2.0,,3.0,2.0
87970,Peru,PER,2021-02-01,0.0,1.0,,4.0,3.0
87971,Peru,PER,2021-02-02,0.0,1.0,,4.0,3.0
87972,Peru,PER,2021-02-03,0.0,1.0,,4.0,3.0
87973,Peru,PER,2021-02-04,0.0,1.0,,4.0,3.0
87974,Peru,PER,2021-02-05,0.0,1.0,,4.0,3.0
88855,Philippines,PHL,2021-08-31,3.0,,4.0,4.0,3.0
88856,Philippines,PHL,2021-09-01,3.0,,4.0,4.0,3.0
88857,Philippines,PHL,2021-09-02,3.0,,4.0,4.0,3.0
88858,Philippines,PHL,2021-09-03,3.0,,4.0,4.0,3.0
88859,Philippines,PHL,2021-09-04,3.0,,4.0,4.0,3.0
88860,Philippines,PHL,2021-09-05,3.0,,4.0,4.0,3.0
88861,Philippines,PHL,2021-09-06,3.0,,4.0,4.0,3.0
90872,Puerto Rico,PRI,2021-08-24,4.0,3.0,,2.0,0.0
90873,Puerto Rico,PRI,2021-08-25,4.0,3.0,,2.0,0.0
90874,Puerto Rico,PRI,2021-08-26,4.0,3.0,,2.0,0.0
90875,Puerto Rico,PRI,2021-08-27,4.0,3.0,,2.0,0.0
90876,Puerto Rico,PRI,2021-08-28,4.0,3.0,,2.0,0.0
90877,Puerto Rico,PRI,2021-08-29,4.0,3.0,,2.0,0.0
90878,Puerto Rico,PRI,2021-08-30,4.0,3.0,,2.0,0.0
90879,Puerto Rico,PRI,2021-08-31,4.0,3.0,,2.0,0.0
90880,Puerto Rico,PRI,2021-09-01,4.0,3.0,,2.0,0.0
95240,Senegal,SEN,2020-10-23,0.0,,3.0,2.0,0.0
95241,Senegal,SEN,2020-10-24,0.0,,3.0,2.0,0.0
95242,Senegal,SEN,2020-10-25,0.0,,3.0,2.0,0.0
95243,Senegal,SEN,2020-10-26,0.0,,3.0,2.0,0.0
95244,Senegal,SEN,2020-10-27,0.0,,3.0,2.0,0.0
95245,Senegal,SEN,2020-10-28,0.0,,3.0,2.0,0.0
95246,Senegal,SEN,2020-10-29,0.0,,3.0,2.0,0.0
95247,Senegal,SEN,2020-10-30,0.0,,3.0,2.0,0.0
95248,Senegal,SEN,2020-10-31,0.0,,3.0,2.0,0.0
95249,Senegal,SEN,2020-11-01,0.0,,3.0,2.0,0.0
95250,Senegal,SEN,2020-11-02,0.0,,3.0,2.0,0.0
95579,Senegal,SEN,2021-09-27,5.0,2.0,1.0,1.0,
95580,Senegal,SEN,2021-09-28,5.0,2.0,1.0,1.0,
95581,Senegal,SEN,2021-09-29,5.0,2.0,1.0,1.0,
95582,Senegal,SEN,2021-09-30,5.0,2.0,1.0,1.0,
95583,Senegal,SEN,2021-10-01,5.0,2.0,1.0,1.0,
95584,Senegal,SEN,2021-10-02,5.0,2.0,1.0,1.0,
95585,Senegal,SEN,2021-10-03,5.0,2.0,1.0,1.0,
98368,Slovakia,SVK,2020-03-07,0.0,,0.0,0.0,0.0
98369,Slovakia,SVK,2020-03-08,0.0,,0.0,0.0,0.0
98370,Slovakia,SVK,2020-03-09,0.0,,0.0,0.0,0.0
98371,Slovakia,SVK,2020-03-10,0.0,,0.0,0.0,0.0
98372,Slovakia,SVK,2020-03-11,0.0,,0.0,0.0,0.0
98373,Slovakia,SVK,2020-03-12,0.0,,0.0,3.0,1.0
98374,Slovakia,SVK,2020-03-13,0.0,,0.0,3.0,1.0
98375,Slovakia,SVK,2020-03-14,0.0,,0.0,3.0,1.0
98376,Slovakia,SVK,2020-03-15,0.0,,0.0,3.0,1.0
98377,Slovakia,SVK,2020-03-16,0.0,,0.0,3.0,1.0
98378,Slovakia,SVK,2020-03-17,0.0,,0.0,3.0,1.0
98379,Slovakia,SVK,2020-03-18,0.0,,0.0,3.0,1.0
98380,Slovakia,SVK,2020-03-19,0.0,,0.0,3.0,1.0
98381,Slovakia,SVK,2020-03-20,0.0,,0.0,3.0,1.0
98382,Slovakia,SVK,2020-03-21,0.0,,0.0,3.0,1.0
98846,Slovakia,SVK,2021-06-28,5.0,3.0,,4.0,0.0
98847,Slovakia,SVK,2021-06-29,5.0,3.0,,4.0,0.0
98848,Slovakia,SVK,2021-06-30,5.0,3.0,,4.0,0.0
98849,Slovakia,SVK,2021-07-01,5.0,3.0,,4.0,0.0
98850,Slovakia,SVK,2021-07-02,5.0,3.0,,4.0,0.0
98851,Slovakia,SVK,2021-07-03,5.0,3.0,,4.0,0.0
98852,Slovakia,SVK,2021-07-04,5.0,3.0,,4.0,0.0
98853,Slovakia,SVK,2021-07-05,5.0,3.0,,4.0,0.0
98854,Slovakia,SVK,2021-07-06,5.0,3.0,,4.0,0.0
98855,Slovakia,SVK,2021-07-07,5.0,3.0,,4.0,0.0
98856,Slovakia,SVK,2021-07-08,5.0,3.0,,4.0,0.0
98857,Slovakia,SVK,2021-07-09,5.0,3.0,,4.0,0.0
98858,Slovakia,SVK,2021-07-10,5.0,3.0,,4.0,0.0
98859,Slovakia,SVK,2021-07-11,5.0,3.0,,4.0,0.0
98860,Slovakia,SVK,2021-07-12,5.0,3.0,,4.0,0.0
98861,Slovakia,SVK,2021-07-13,5.0,3.0,,4.0,0.0
98862,Slovakia,SVK,2021-07-14,5.0,3.0,,4.0,0.0
98863,Slovakia,SVK,2021-07-15,5.0,3.0,,4.0,0.0
98864,Slovakia,SVK,2021-07-16,5.0,3.0,,4.0,0.0
98865,Slovakia,SVK,2021-07-17,5.0,3.0,,4.0,0.0
98866,Slovakia,SVK,2021-07-18,5.0,3.0,,4.0,0.0
99503,Slovenia,SVN,2021-06-21,4.0,3.0,3.0,3.0,
99504,Slovenia,SVN,2021-06-22,4.0,3.0,3.0,3.0,
99505,Slovenia,SVN,2021-06-23,4.0,3.0,3.0,3.0,
99506,Slovenia,SVN,2021-06-24,4.0,3.0,3.0,3.0,
99507,Slovenia,SVN,2021-06-25,4.0,3.0,3.0,3.0,
99508,Slovenia,SVN,2021-06-26,4.0,3.0,3.0,3.0,
99509,Slovenia,SVN,2021-06-27,4.0,3.0,3.0,3.0,
99510,Slovenia,SVN,2021-06-28,4.0,3.0,3.0,3.0,
99511,Slovenia,SVN,2021-06-29,4.0,3.0,3.0,3.0,
99512,Slovenia,SVN,2021-06-30,4.0,3.0,3.0,3.0,
99513,Slovenia,SVN,2021-07-01,4.0,3.0,3.0,3.0,
99514,Slovenia,SVN,2021-07-02,4.0,3.0,3.0,3.0,
99515,Slovenia,SVN,2021-07-03,4.0,3.0,3.0,3.0,
99516,Slovenia,SVN,2021-07-04,4.0,3.0,3.0,3.0,
99517,Slovenia,SVN,2021-07-05,4.0,3.0,3.0,3.0,
99518,Slovenia,SVN,2021-07-06,4.0,3.0,3.0,3.0,
99519,Slovenia,SVN,2021-07-07,4.0,3.0,3.0,3.0,
99520,Slovenia,SVN,2021-07-08,4.0,3.0,3.0,3.0,
99521,Slovenia,SVN,2021-07-09,4.0,3.0,3.0,3.0,
99522,Slovenia,SVN,2021-07-10,4.0,3.0,3.0,3.0,
99523,Slovenia,SVN,2021-07-11,4.0,3.0,3.0,3.0,
99524,Slovenia,SVN,2021-07-12,4.0,3.0,3.0,3.0,
99630,Slovenia,SVN,2021-10-26,4.0,3.0,2.0,3.0,
99631,Slovenia,SVN,2021-10-27,4.0,3.0,2.0,3.0,
99632,Slovenia,SVN,2021-10-28,4.0,3.0,2.0,3.0,
102614,South Sudan,SSD,2020-10-08,0.0,,3.0,3.0,1.0
102615,South Sudan,SSD,2020-10-09,0.0,,3.0,3.0,1.0
102616,South Sudan,SSD,2020-10-10,0.0,,3.0,3.0,1.0
102617,South Sudan,SSD,2020-10-11,0.0,,3.0,3.0,1.0
102618,South Sudan,SSD,2020-10-12,0.0,,3.0,3.0,1.0
102619,South Sudan,SSD,2020-10-13,0.0,,3.0,3.0,1.0
102620,South Sudan,SSD,2020-10-14,0.0,,3.0,3.0,1.0
102621,South Sudan,SSD,2020-10-15,0.0,,3.0,3.0,1.0
102622,South Sudan,SSD,2020-10-16,0.0,,3.0,3.0,1.0
102623,South Sudan,SSD,2020-10-17,0.0,,3.0,3.0,1.0
102624,South Sudan,SSD,2020-10-18,0.0,,3.0,3.0,1.0
102625,South Sudan,SSD,2020-10-19,0.0,,3.0,3.0,1.0
102626,South Sudan,SSD,2020-10-20,0.0,,3.0,3.0,1.0
102627,South Sudan,SSD,2020-10-21,0.0,,3.0,3.0,1.0
102628,South Sudan,SSD,2020-10-22,0.0,,3.0,3.0,1.0
104345,Sri Lanka,LKA,2021-10-31,5.0,3.0,3.0,,1.0
104680,Sudan,SDN,2020-11-24,0.0,,,,
104680,Sudan,SDN,2020-11-24,0.0,,,,
104680,Sudan,SDN,2020-11-24,0.0,,,,
104680,Sudan,SDN,2020-11-24,0.0,,,,
104972,Sudan,SDN,2021-09-12,4.0,3.0,4.0,,0.0
104973,Sudan,SDN,2021-09-13,4.0,3.0,4.0,,0.0
104974,Sudan,SDN,2021-09-14,4.0,3.0,4.0,,0.0
104975,Sudan,SDN,2021-09-15,4.0,3.0,4.0,,0.0
104976,Sudan,SDN,2021-09-16,4.0,3.0,4.0,,0.0
104977,Sudan,SDN,2021-09-17,4.0,3.0,4.0,,0.0
104978,Sudan,SDN,2021-09-18,4.0,3.0,4.0,,0.0
104979,Sudan,SDN,2021-09-19,4.0,3.0,4.0,,0.0
104980,Sudan,SDN,2021-09-20,4.0,3.0,4.0,,0.0
104981,Sudan,SDN,2021-09-21,4.0,3.0,4.0,,0.0
104982,Sudan,SDN,2021-09-22,4.0,3.0,4.0,,0.0
104983,Sudan,SDN,2021-09-23,4.0,3.0,4.0,,0.0
104984,Sudan,SDN,2021-09-24,4.0,3.0,4.0,,0.0
104985,Sudan,SDN,2021-09-25,4.0,3.0,4.0,,0.0
104986,Sudan,SDN,2021-09-26,4.0,3.0,4.0,,0.0
104987,Sudan,SDN,2021-09-27,4.0,3.0,4.0,,0.0
104988,Sudan,SDN,2021-09-28,4.0,3.0,4.0,,0.0
104989,Sudan,SDN,2021-09-29,4.0,3.0,4.0,,0.0
104990,Sudan,SDN,2021-09-30,4.0,3.0,4.0,,0.0
104991,Sudan,SDN,2021-10-01,4.0,3.0,4.0,,0.0
104992,Sudan,SDN,2021-10-02,4.0,3.0,4.0,,0.0
104993,Sudan,SDN,2021-10-03,4.0,3.0,4.0,,0.0
104994,Sudan,SDN,2021-10-04,4.0,3.0,4.0,,0.0
104995,Sudan,SDN,2021-10-05,4.0,3.0,4.0,,0.0
104996,Sudan,SDN,2021-10-06,4.0,3.0,4.0,,0.0
104997,Sudan,SDN,2021-10-07,4.0,3.0,4.0,,0.0
104998,Sudan,SDN,2021-10-08,4.0,3.0,4.0,,0.0
104999,Sudan,SDN,2021-10-09,4.0,3.0,4.0,,0.0
105000,Sudan,SDN,2021-10-10,4.0,3.0,4.0,,0.0
105001,Sudan,SDN,2021-10-11,4.0,3.0,4.0,,0.0
105002,Sudan,SDN,2021-10-12,4.0,3.0,4.0,,0.0
105003,Sudan,SDN,2021-10-13,4.0,3.0,4.0,,0.0
105004,Sudan,SDN,2021-10-14,4.0,3.0,4.0,,0.0
105005,Sudan,SDN,2021-10-15,4.0,3.0,4.0,,0.0
105006,Sudan,SDN,2021-10-16,4.0,3.0,4.0,,0.0
105007,Sudan,SDN,2021-10-17,4.0,3.0,4.0,,0.0
105008,Sudan,SDN,2021-10-18,4.0,3.0,4.0,,0.0
107449,Syria,SYR,2021-04-13,1.0,1.0,,3.0,2.0
108312,Taiwan,TWN,2021-10-19,4.0,,3.0,3.0,
108312,Taiwan,TWN,2021-10-19,4.0,,3.0,3.0,
108313,Taiwan,TWN,2021-10-20,4.0,,3.0,3.0,
108313,Taiwan,TWN,2021-10-20,4.0,,3.0,3.0,
110041,Thailand,THA,2021-02-10,0.0,2.0,2.0,,1.0
110042,Thailand,THA,2021-02-11,0.0,2.0,2.0,,1.0
110043,Thailand,THA,2021-02-12,0.0,2.0,2.0,,1.0
110044,Thailand,THA,2021-02-13,0.0,2.0,2.0,,1.0
110045,Thailand,THA,2021-02-14,0.0,2.0,2.0,,1.0
110046,Thailand,THA,2021-02-15,0.0,2.0,2.0,,1.0
110047,Thailand,THA,2021-02-16,0.0,2.0,2.0,,1.0
110048,Thailand,THA,2021-02-17,0.0,2.0,2.0,,1.0
110049,Thailand,THA,2021-02-18,0.0,2.0,2.0,,1.0
110050,Thailand,THA,2021-02-19,0.0,2.0,2.0,,1.0
110051,Thailand,THA,2021-02-20,0.0,2.0,2.0,,1.0
110052,Thailand,THA,2021-02-21,0.0,2.0,2.0,,1.0
110053,Thailand,THA,2021-02-22,0.0,2.0,2.0,,1.0
110908,Timor,TLS,2021-08-26,5.0,1.0,3.0,4.0,
112806,Trinidad and Tobago,TTO,2021-05-31,3.0,1.0,4.0,,2.0
112807,Trinidad and Tobago,TTO,2021-06-01,3.0,1.0,4.0,,2.0
112808,Trinidad and Tobago,TTO,2021-06-02,3.0,1.0,4.0,,2.0
112809,Trinidad and Tobago,TTO,2021-06-03,3.0,1.0,4.0,,2.0
112810,Trinidad and Tobago,TTO,2021-06-04,3.0,1.0,4.0,,2.0
112811,Trinidad and Tobago,TTO,2021-06-05,3.0,1.0,4.0,,2.0
112812,Trinidad and Tobago,TTO,2021-06-06,3.0,1.0,4.0,,2.0
113596,Tunisia,TUN,2021-09-28,4.0,,3.0,1.0,1.0
113597,Tunisia,TUN,2021-09-29,4.0,,3.0,1.0,1.0
113598,Tunisia,TUN,2021-09-30,4.0,,3.0,1.0,1.0
113599,Tunisia,TUN,2021-10-01,4.0,,3.0,1.0,1.0
113600,Tunisia,TUN,2021-10-02,4.0,,3.0,1.0,1.0
113601,Tunisia,TUN,2021-10-03,4.0,,3.0,1.0,1.0
114821,Turkmenistan,TKM,2021-06-06,5.0,,3.0,1.0,0.0
114822,Turkmenistan,TKM,2021-06-07,5.0,,3.0,1.0,0.0
114823,Turkmenistan,TKM,2021-06-08,5.0,,3.0,1.0,0.0
114824,Turkmenistan,TKM,2021-06-09,5.0,,3.0,1.0,0.0
114825,Turkmenistan,TKM,2021-06-10,5.0,,3.0,1.0,0.0
114826,Turkmenistan,TKM,2021-06-11,5.0,,3.0,1.0,0.0
114827,Turkmenistan,TKM,2021-06-12,5.0,,3.0,1.0,0.0
114828,Turkmenistan,TKM,2021-06-13,5.0,,3.0,1.0,0.0
114829,Turkmenistan,TKM,2021-06-14,5.0,,3.0,1.0,0.0
115883,Ukraine,UKR,2020-09-07,0.0,,3.0,2.0,1.0
118590,United States Virgin Islands,VIR,2020-10-06,0.0,1.0,,3.0,1.0
118591,United States Virgin Islands,VIR,2020-10-07,0.0,1.0,,3.0,1.0
118592,United States Virgin Islands,VIR,2020-10-08,0.0,1.0,,3.0,1.0
118593,United States Virgin Islands,VIR,2020-10-09,0.0,1.0,,3.0,1.0
118594,United States Virgin Islands,VIR,2020-10-10,0.0,1.0,,3.0,1.0
118595,United States Virgin Islands,VIR,2020-10-11,0.0,1.0,,3.0,1.0
118596,United States Virgin Islands,VIR,2020-10-12,0.0,1.0,,3.0,1.0
118597,United States Virgin Islands,VIR,2020-10-13,0.0,1.0,,3.0,1.0
118598,United States Virgin Islands,VIR,2020-10-14,0.0,1.0,,3.0,1.0
118599,United States Virgin Islands,VIR,2020-10-15,0.0,1.0,,3.0,1.0
118600,United States Virgin Islands,VIR,2020-10-16,0.0,1.0,,3.0,1.0
118601,United States Virgin Islands,VIR,2020-10-17,0.0,1.0,,3.0,1.0
118602,United States Virgin Islands,VIR,2020-10-18,0.0,1.0,,3.0,1.0
118603,United States Virgin Islands,VIR,2020-10-19,0.0,1.0,,3.0,1.0
118604,United States Virgin Islands,VIR,2020-10-20,0.0,1.0,,3.0,1.0
118605,United States Virgin Islands,VIR,2020-10-21,0.0,1.0,,3.0,1.0
118606,United States Virgin Islands,VIR,2020-10-22,0.0,1.0,,3.0,1.0
124333,Central African Republic,CAF,2021-10-12,,0.0,1.0,0.0,0.0
124334,Central African Republic,CAF,2021-10-13,,0.0,1.0,0.0,0.0
124335,Central African Republic,CAF,2021-10-14,,0.0,1.0,0.0,0.0
124336,Central African Republic,CAF,2021-10-15,,0.0,1.0,0.0,0.0
124337,Central African Republic,CAF,2021-10-16,,0.0,1.0,0.0,0.0
124338,Central African Republic,CAF,2021-10-17,,0.0,1.0,0.0,0.0
124339,Central African Republic,CAF,2021-10-18,,0.0,1.0,0.0,0.0
124340,Central African Republic,CAF,2021-10-19,,0.0,1.0,0.0,0.0
124341,Central African Republic,CAF,2021-10-20,,0.0,1.0,0.0,0.0
124342,Central African Republic,CAF,2021-10-21,,0.0,1.0,0.0,0.0
124343,Central African Republic,CAF,2021-10-22,,0.0,1.0,0.0,0.0
124344,Central African Republic,CAF,2021-10-23,,0.0,1.0,0.0,0.0
124345,Central African Republic,CAF,2021-10-24,,0.0,1.0,0.0,0.0
124346,Central African Republic,CAF,2021-10-25,,0.0,1.0,0.0,0.0
124347,Central African Republic,CAF,2021-10-26,,0.0,1.0,0.0,0.0
124348,Central African Republic,CAF,2021-10-27,,0.0,1.0,0.0,0.0
124349,Central African Republic,CAF,2021-10-28,,0.0,1.0,0.0,0.0
124350,Central African Republic,CAF,2021-10-29,,0.0,1.0,0.0,0.0
124351,Central African Republic,CAF,2021-10-30,,0.0,1.0,0.0,0.0
124352,Central African Republic,CAF,2021-10-31,,0.0,1.0,0.0,0.0
124353,Central African Republic,CAF,2021-11-01,,0.0,1.0,0.0,0.0
124354,Chile,CHL,2021-02-08,,3.0,2.0,4.0,3.0
124355,Democratic Republic of Congo,COD,2020-12-08,,1.0,3.0,0.0,0.0
124356,Honduras,HND,2021-05-05,,3.0,4.0,4.0,1.0
124357,Iraq,IRQ,2020-12-08,,1.0,4.0,1.0,1.0
124358,Iraq,IRQ,2020-12-09,,1.0,4.0,1.0,1.0
124359,Iraq,IRQ,2020-12-10,,1.0,4.0,1.0,1.0
124360,Iraq,IRQ,2020-12-11,,1.0,4.0,1.0,1.0
124361,Iraq,IRQ,2020-12-12,,1.0,4.0,1.0,1.0
124362,Iraq,IRQ,2020-12-13,,1.0,4.0,1.0,1.0
124363,Iraq,IRQ,2020-12-14,,1.0,4.0,1.0,1.0
124364,Iraq,IRQ,2020-12-15,,1.0,4.0,1.0,1.0
124365,Iraq,IRQ,2020-12-16,,1.0,4.0,1.0,1.0
124366,Iraq,IRQ,2020-12-17,,1.0,4.0,1.0,1.0
124367,Iraq,IRQ,2020-12-18,,1.0,4.0,1.0,1.0
124368,Iraq,IRQ,2020-12-19,,1.0,4.0,1.0,1.0
124369,Iraq,IRQ,2020-12-20,,1.0,4.0,1.0,1.0
124370,Iraq,IRQ,2020-12-21,,1.0,4.0,1.0,1.0
124371,Jordan,JOR,2020-12-08,,2.0,3.0,3.0,2.0
124372,Kosovo,OWID_KOS,2021-04-13,,3.0,4.0,4.0,2.0
124373,Kosovo,OWID_KOS,2021-04-14,,3.0,4.0,4.0,2.0
124374,Kosovo,OWID_KOS,2021-04-15,,3.0,4.0,4.0,2.0
124375,Kosovo,OWID_KOS,2021-04-16,,3.0,4.0,4.0,2.0
124376,Lesotho,LSO,2021-01-12,,1.0,4.0,4.0,2.0
124377,Lesotho,LSO,2021-01-13,,1.0,4.0,4.0,2.0
124378,Lesotho,LSO,2021-01-14,,1.0,4.0,4.0,2.0
124379,Lesotho,LSO,2021-01-15,,1.0,4.0,4.0,2.0
124380,Lesotho,LSO,2021-01-16,,1.0,4.0,4.0,2.0
124381,Lesotho,LSO,2021-01-17,,1.0,4.0,4.0,2.0
124382,Libya,LBY,2021-07-13,,1.0,3.0,4.0,0.0
124383,Libya,LBY,2021-07-14,,1.0,3.0,4.0,0.0
124384,Libya,LBY,2021-07-15,,1.0,3.0,4.0,0.0
124385,Libya,LBY,2021-07-16,,1.0,3.0,4.0,0.0
124386,Libya,LBY,2021-07-17,,1.0,3.0,4.0,0.0
124387,Libya,LBY,2021-07-18,,1.0,3.0,4.0,0.0
124388,Libya,LBY,2021-07-19,,1.0,3.0,4.0,0.0
124389,Libya,LBY,2021-07-20,,1.0,3.0,4.0,0.0
124390,Libya,LBY,2021-07-21,,1.0,3.0,4.0,0.0
124391,Libya,LBY,2021-07-22,,1.0,3.0,4.0,0.0
124392,Libya,LBY,2021-07-23,,1.0,3.0,4.0,0.0
124393,Libya,LBY,2021-07-24,,1.0,3.0,4.0,0.0
124394,Libya,LBY,2021-07-25,,1.0,3.0,4.0,0.0
124395,Libya,LBY,2021-07-26,,1.0,3.0,4.0,0.0
124396,Libya,LBY,2021-07-27,,1.0,3.0,4.0,0.0
124397,Libya,LBY,2021-07-28,,1.0,3.0,4.0,0.0
124398,Libya,LBY,2021-07-29,,1.0,3.0,4.0,0.0
124399,Libya,LBY,2021-07-30,,1.0,3.0,4.0,0.0
124400,Libya,LBY,2021-07-31,,1.0,3.0,4.0,0.0
124401,Libya,LBY,2021-08-01,,1.0,3.0,4.0,0.0
124402,Libya,LBY,2021-08-02,,1.0,3.0,4.0,0.0
124403,Libya,LBY,2021-08-03,,1.0,3.0,4.0,0.0
124404,Libya,LBY,2021-08-04,,1.0,3.0,4.0,0.0
124405,Libya,LBY,2021-08-05,,1.0,3.0,4.0,0.0
124406,Libya,LBY,2021-08-06,,1.0,3.0,4.0,0.0
124407,Libya,LBY,2021-08-07,,1.0,3.0,4.0,0.0
124408,Libya,LBY,2021-08-08,,1.0,3.0,4.0,0.0
124409,Libya,LBY,2021-08-09,,1.0,3.0,4.0,0.0
124410,Libya,LBY,2021-08-10,,1.0,3.0,4.0,0.0
124411,Libya,LBY,2021-08-11,,1.0,3.0,4.0,0.0
124412,Libya,LBY,2021-08-12,,1.0,3.0,4.0,0.0
124413,Libya,LBY,2021-08-13,,1.0,3.0,4.0,0.0
124414,Libya,LBY,2021-08-14,,1.0,3.0,4.0,0.0
124415,Libya,LBY,2021-08-15,,1.0,3.0,4.0,0.0
124416,Libya,LBY,2021-08-16,,1.0,3.0,4.0,0.0
124417,Libya,LBY,2021-08-17,,1.0,3.0,4.0,0.0
124418,Mali,MLI,2020-12-02,,1.0,3.0,3.0,0.0
124419,Pakistan,PAK,2021-06-08,,3.0,3.0,4.0,2.0
124420,Pakistan,PAK,2021-06-09,,3.0,3.0,4.0,2.0
124421,Palestine,PSE,2021-01-12,,2.0,,3.0,2.0
124421,Palestine,PSE,2021-01-12,,2.0,,3.0,2.0
124422,Palestine,PSE,2021-01-13,,2.0,,3.0,2.0
124422,Palestine,PSE,2021-01-13,,2.0,,3.0,2.0
124423,Palestine,PSE,2021-01-14,,2.0,,3.0,3.0
124423,Palestine,PSE,2021-01-14,,2.0,,3.0,3.0
124424,Palestine,PSE,2021-01-15,,2.0,,3.0,3.0
124424,Palestine,PSE,2021-01-15,,2.0,,3.0,3.0
124425,Palestine,PSE,2021-01-16,,2.0,,3.0,3.0
124425,Palestine,PSE,2021-01-16,,2.0,,3.0,3.0
124426,Palestine,PSE,2021-01-17,,2.0,,3.0,3.0
124426,Palestine,PSE,2021-01-17,,2.0,,3.0,3.0
124427,Puerto Rico,PRI,2021-09-27,,3.0,3.0,0.0,0.0
124428,Puerto Rico,PRI,2021-09-28,,3.0,3.0,0.0,0.0
124429,Slovenia,SVN,2021-11-07,,3.0,2.0,3.0,1.0
124430,South Sudan,SSD,2020-12-15,,2.0,3.0,2.0,1.0
124431,South Sudan,SSD,2020-12-16,,2.0,3.0,2.0,1.0
124432,South Sudan,SSD,2020-12-17,,2.0,3.0,2.0,1.0
124433,South Sudan,SSD,2020-12-18,,2.0,3.0,2.0,1.0
124434,South Sudan,SSD,2020-12-19,,2.0,3.0,2.0,1.0
124435,South Sudan,SSD,2020-12-20,,2.0,3.0,2.0,1.0
124436,South Sudan,SSD,2020-12-21,,2.0,3.0,2.0,1.0
124437,Sri Lanka,LKA,2021-10-19,,3.0,3.0,4.0,1.0
124438,Sri Lanka,LKA,2021-10-20,,3.0,3.0,4.0,1.0
124439,Suriname,SUR,2021-06-13,,3.0,,4.0,2.0
124439,Suriname,SUR,2021-06-13,,3.0,,4.0,2.0
124440,Suriname,SUR,2021-06-14,,3.0,,4.0,2.0
124440,Suriname,SUR,2021-06-14,,3.0,,4.0,2.0
124441,Suriname,SUR,2021-06-15,,3.0,,4.0,2.0
124441,Suriname,SUR,2021-06-15,,3.0,,4.0,2.0
124442,Suriname,SUR,2021-06-16,,3.0,,4.0,2.0
124442,Suriname,SUR,2021-06-16,,3.0,,4.0,2.0
124443,Suriname,SUR,2021-06-17,,3.0,,4.0,2.0
124443,Suriname,SUR,2021-06-17,,3.0,,4.0,2.0
124444,Suriname,SUR,2021-06-18,,3.0,,4.0,2.0
124444,Suriname,SUR,2021-06-18,,3.0,,4.0,2.0
124445,Suriname,SUR,2021-06-19,,3.0,4.0,4.0,2.0
124446,Suriname,SUR,2021-06-20,,3.0,4.0,4.0,2.0
124447,Suriname,SUR,2021-06-21,,3.0,4.0,4.0,2.0
124448,Suriname,SUR,2021-06-22,,3.0,4.0,4.0,2.0
124449,Suriname,SUR,2021-06-23,,3.0,4.0,4.0,2.0
124450,Suriname,SUR,2021-06-24,,3.0,4.0,4.0,2.0
124451,Suriname,SUR,2021-06-25,,3.0,4.0,4.0,2.0
124452,Suriname,SUR,2021-06-26,,3.0,4.0,4.0,2.0
124453,Suriname,SUR,2021-06-27,,3.0,4.0,4.0,2.0
124454,Suriname,SUR,2021-06-28,,3.0,4.0,4.0,2.0
124455,Suriname,SUR,2021-06-29,,3.0,4.0,4.0,2.0
124456,Suriname,SUR,2021-06-30,,3.0,4.0,4.0,2.0
124457,Suriname,SUR,2021-07-01,,3.0,4.0,4.0,2.0
124458,Suriname,SUR,2021-07-02,,3.0,4.0,4.0,2.0
124459,Suriname,SUR,2021-07-03,,3.0,4.0,4.0,2.0
124460,Suriname,SUR,2021-07-04,,3.0,4.0,4.0,2.0
124461,Suriname,SUR,2021-07-05,,3.0,4.0,4.0,2.0
124462,Suriname,SUR,2021-07-06,,3.0,4.0,4.0,2.0
124463,Suriname,SUR,2021-07-07,,3.0,4.0,4.0,2.0
124464,Suriname,SUR,2021-07-08,,3.0,4.0,4.0,2.0
124465,Suriname,SUR,2021-07-09,,3.0,4.0,4.0,2.0
124466,Suriname,SUR,2021-07-10,,3.0,4.0,4.0,2.0
124467,Suriname,SUR,2021-07-11,,3.0,4.0,4.0,2.0
124468,Suriname,SUR,2021-07-12,,3.0,4.0,4.0,2.0
124469,Suriname,SUR,2021-07-13,,3.0,4.0,4.0,2.0
124470,Suriname,SUR,2021-07-14,,3.0,4.0,4.0,2.0
124471,Suriname,SUR,2021-07-15,,3.0,4.0,4.0,2.0
124472,Suriname,SUR,2021-07-16,,3.0,4.0,4.0,2.0
124473,Suriname,SUR,2021-07-17,,3.0,4.0,4.0,2.0
124474,Suriname,SUR,2021-07-18,,3.0,4.0,4.0,2.0
124475,Suriname,SUR,2021-07-19,,3.0,4.0,4.0,2.0
124476,Suriname,SUR,2021-07-20,,3.0,4.0,4.0,2.0
124477,Suriname,SUR,2021-07-21,,3.0,4.0,4.0,2.0
124478,Suriname,SUR,2021-07-22,,3.0,4.0,4.0,2.0
124479,Suriname,SUR,2021-07-23,,3.0,4.0,4.0,2.0
124480,Suriname,SUR,2021-07-24,,3.0,4.0,4.0,2.0
124481,Suriname,SUR,2021-07-25,,3.0,,4.0,2.0
124481,Suriname,SUR,2021-07-25,,3.0,,4.0,2.0
124482,Suriname,SUR,2021-07-26,,3.0,,4.0,2.0
124482,Suriname,SUR,2021-07-26,,3.0,,4.0,2.0
124483,Suriname,SUR,2021-07-27,,3.0,,4.0,2.0
124483,Suriname,SUR,2021-07-27,,3.0,,4.0,2.0
124484,Suriname,SUR,2021-07-28,,3.0,,4.0,2.0
124484,Suriname,SUR,2021-07-28,,3.0,,4.0,2.0
124485,Suriname,SUR,2021-07-29,,3.0,,4.0,2.0
124485,Suriname,SUR,2021-07-29,,3.0,,4.0,2.0
124486,Suriname,SUR,2021-07-30,,3.0,,4.0,2.0
124486,Suriname,SUR,2021-07-30,,3.0,,4.0,2.0
124487,Suriname,SUR,2021-07-31,,3.0,,4.0,2.0
124487,Suriname,SUR,2021-07-31,,3.0,,4.0,2.0
124488,Suriname,SUR,2021-08-01,,3.0,,4.0,2.0
124488,Suriname,SUR,2021-08-01,,3.0,,4.0,2.0
124489,Suriname,SUR,2021-08-02,,3.0,,4.0,2.0
124489,Suriname,SUR,2021-08-02,,3.0,,4.0,2.0
124490,Suriname,SUR,2021-08-03,,3.0,,4.0,2.0
124490,Suriname,SUR,2021-08-03,,3.0,,4.0,2.0
124491,Suriname,SUR,2021-08-04,,3.0,,4.0,2.0
124491,Suriname,SUR,2021-08-04,,3.0,,4.0,2.0
124492,Suriname,SUR,2021-08-05,,3.0,,4.0,2.0
124492,Suriname,SUR,2021-08-05,,3.0,,4.0,2.0
124493,Suriname,SUR,2021-08-06,,3.0,,4.0,2.0
124493,Suriname,SUR,2021-08-06,,3.0,,4.0,2.0
124494,Tajikistan,TJK,2021-04-27,,0.0,,2.0,0.0
124494,Tajikistan,TJK,2021-04-27,,0.0,,2.0,0.0
124495,Tajikistan,TJK,2021-04-28,,0.0,,2.0,0.0
124495,Tajikistan,TJK,2021-04-28,,0.0,,2.0,0.0
124496,Tajikistan,TJK,2021-04-29,,0.0,,2.0,0.0
124496,Tajikistan,TJK,2021-04-29,,0.0,,2.0,0.0
124497,Tajikistan,TJK,2021-04-30,,0.0,,2.0,0.0
124497,Tajikistan,TJK,2021-04-30,,0.0,,2.0,0.0
124498,Tajikistan,TJK,2021-05-01,,0.0,,2.0,0.0
124498,Tajikistan,TJK,2021-05-01,,0.0,,2.0,0.0
124499,Tajikistan,TJK,2021-05-02,,0.0,,2.0,0.0
124499,Tajikistan,TJK,2021-05-02,,0.0,,2.0,0.0
124500,Tajikistan,TJK,2021-05-03,,0.0,,2.0,0.0
124500,Tajikistan,TJK,2021-05-03,,0.0,,2.0,0.0
124501,Tajikistan,TJK,2021-05-04,,0.0,,2.0,0.0
124501,Tajikistan,TJK,2021-05-04,,0.0,,2.0,0.0
124502,Tajikistan,TJK,2021-05-05,,0.0,,2.0,0.0
124502,Tajikistan,TJK,2021-05-05,,0.0,,2.0,0.0
124503,Tajikistan,TJK,2021-05-06,,0.0,,2.0,0.0
124503,Tajikistan,TJK,2021-05-06,,0.0,,2.0,0.0
124504,Tajikistan,TJK,2021-05-07,,0.0,,2.0,0.0
124504,Tajikistan,TJK,2021-05-07,,0.0,,2.0,0.0
124505,Tajikistan,TJK,2021-05-08,,0.0,,2.0,0.0
124505,Tajikistan,TJK,2021-05-08,,0.0,,2.0,0.0
124506,Tajikistan,TJK,2021-05-09,,0.0,,2.0,0.0
124506,Tajikistan,TJK,2021-05-09,,0.0,,2.0,0.0
124507,Tajikistan,TJK,2021-05-10,,0.0,,2.0,0.0
124507,Tajikistan,TJK,2021-05-10,,0.0,,2.0,0.0
124508,Tajikistan,TJK,2021-05-11,,0.0,,2.0,0.0
124508,Tajikistan,TJK,2021-05-11,,0.0,,2.0,0.0
124509,Tajikistan,TJK,2021-05-12,,0.0,,2.0,0.0
124509,Tajikistan,TJK,2021-05-12,,0.0,,2.0,0.0
124510,Tajikistan,TJK,2021-05-13,,0.0,,2.0,0.0
124510,Tajikistan,TJK,2021-05-13,,0.0,,2.0,0.0
124511,Tajikistan,TJK,2021-05-14,,0.0,,2.0,0.0
124511,Tajikistan,TJK,2021-05-14,,0.0,,2.0,0.0
124512,Tajikistan,TJK,2021-05-15,,0.0,,2.0,0.0
124512,Tajikistan,TJK,2021-05-15,,0.0,,2.0,0.0
124513,Tajikistan,TJK,2021-05-16,,0.0,,2.0,0.0
124513,Tajikistan,TJK,2021-05-16,,0.0,,2.0,0.0
124514,Tajikistan,TJK,2021-05-17,,0.0,,2.0,0.0
124514,Tajikistan,TJK,2021-05-17,,0.0,,2.0,0.0
124515,Thailand,THA,2021-06-08,,2.0,4.0,4.0,1.0
124516,Thailand,THA,2021-06-09,,2.0,4.0,4.0,1.0
124517,Thailand,THA,2021-06-10,,2.0,4.0,4.0,1.0
124518,Thailand,THA,2021-06-11,,2.0,4.0,4.0,1.0
124519,Thailand,THA,2021-06-12,,2.0,4.0,4.0,1.0
124520,Thailand,THA,2021-06-13,,2.0,4.0,4.0,1.0
124521,Thailand,THA,2021-06-14,,2.0,4.0,4.0,1.0
124522,Thailand,THA,2021-06-15,,2.0,4.0,4.0,1.0
124523,Togo,TGO,2021-09-14,,2.0,4.0,3.0,0.0
124524,Togo,TGO,2021-09-15,,2.0,4.0,3.0,0.0
124525,Togo,TGO,2021-09-16,,2.0,4.0,3.0,0.0
124526,Togo,TGO,2021-09-17,,2.0,4.0,3.0,0.0
124527,Togo,TGO,2021-09-18,,2.0,4.0,3.0,0.0
124528,Togo,TGO,2021-09-19,,2.0,4.0,3.0,0.0
124529,Togo,TGO,2021-09-20,,2.0,4.0,3.0,0.0
124530,Togo,TGO,2021-09-21,,2.0,4.0,3.0,0.0
124531,Togo,TGO,2021-09-22,,2.0,4.0,3.0,0.0
124532,Togo,TGO,2021-09-23,,2.0,4.0,3.0,0.0
124533,Togo,TGO,2021-09-24,,2.0,4.0,3.0,0.0
124534,Togo,TGO,2021-09-25,,2.0,4.0,3.0,0.0
124535,Togo,TGO,2021-09-26,,2.0,4.0,3.0,0.0
124536,Togo,TGO,2021-09-27,,2.0,4.0,3.0,0.0
124537,Togo,TGO,2021-09-28,,2.0,4.0,3.0,0.0
124538,Togo,TGO,2021-09-29,,2.0,4.0,3.0,0.0
124539,Togo,TGO,2021-09-30,,2.0,4.0,3.0,0.0
124540,Togo,TGO,2021-10-01,,2.0,4.0,3.0,0.0
124541,Togo,TGO,2021-10-02,,2.0,4.0,3.0,0.0
124542,Togo,TGO,2021-10-03,,2.0,4.0,3.0,0.0
124543,Togo,TGO,2021-10-04,,2.0,4.0,3.0,0.0
124544,Tonga,TON,2021-06-15,,1.0,0.0,3.0,2.0
124545,Tonga,TON,2021-06-16,,1.0,0.0,3.0,2.0
124546,Tonga,TON,2021-06-17,,1.0,0.0,3.0,2.0
124547,Tonga,TON,2021-06-18,,1.0,0.0,3.0,2.0
124548,Tonga,TON,2021-06-19,,1.0,0.0,3.0,2.0
124549,Tonga,TON,2021-06-20,,1.0,0.0,3.0,2.0
124550,Turkey,TUR,2021-01-04,,2.0,4.0,4.0,3.0
124551,Turkey,TUR,2021-01-05,,2.0,4.0,4.0,3.0
124552,Uganda,UGA,2021-02-23,,1.0,4.0,2.0,2.0
124553,Uganda,UGA,2021-02-24,,1.0,4.0,2.0,2.0
124554,Uganda,UGA,2021-02-25,,1.0,4.0,2.0,2.0
124555,Uganda,UGA,2021-02-26,,1.0,4.0,2.0,2.0
124556,Uganda,UGA,2021-02-27,,1.0,4.0,2.0,2.0
124557,Uganda,UGA,2021-02-28,,1.0,4.0,2.0,2.0
124558,Uganda,UGA,2021-03-01,,1.0,4.0,2.0,2.0
124559,Uganda,UGA,2021-03-02,,1.0,4.0,2.0,2.0
124560,Uganda,UGA,2021-03-03,,1.0,4.0,2.0,2.0
124561,Yemen,YEM,2021-09-21,,1.0,2.0,0.0,2.0
124562,Yemen,YEM,2021-09-22,,1.0,2.0,0.0,2.0
124563,Yemen,YEM,2021-09-23,,1.0,2.0,0.0,2.0
124564,Yemen,YEM,2021-09-24,,1.0,2.0,0.0,2.0
124565,Bolivia,BOL,2021-10-13,,,,4.0,0.0
124565,Bolivia,BOL,2021-10-13,,,,4.0,0.0
124565,Bolivia,BOL,2021-10-13,,,,4.0,0.0
124566,Bolivia,BOL,2021-10-14,,,,4.0,0.0
124566,Bolivia,BOL,2021-10-14,,,,4.0,0.0
124566,Bolivia,BOL,2021-10-14,,,,4.0,0.0
124567,Bolivia,BOL,2021-10-15,,,,4.0,0.0
124567,Bolivia,BOL,2021-10-15,,,,4.0,0.0
124567,Bolivia,BOL,2021-10-15,,,,4.0,0.0
124568,Bolivia,BOL,2021-10-16,,,,4.0,0.0
124568,Bolivia,BOL,2021-10-16,,,,4.0,0.0
124568,Bolivia,BOL,2021-10-16,,,,4.0,0.0
124569,Bolivia,BOL,2021-10-17,,,,4.0,0.0
124569,Bolivia,BOL,2021-10-17,,,,4.0,0.0
124569,Bolivia,BOL,2021-10-17,,,,4.0,0.0
124570,Bolivia,BOL,2021-10-18,,,,4.0,0.0
124570,Bolivia,BOL,2021-10-18,,,,4.0,0.0
124570,Bolivia,BOL,2021-10-18,,,,4.0,0.0
124571,Bolivia,BOL,2021-10-19,,,,4.0,0.0
124571,Bolivia,BOL,2021-10-19,,,,4.0,0.0
124571,Bolivia,BOL,2021-10-19,,,,4.0,0.0
124572,Bolivia,BOL,2021-10-20,,,,4.0,0.0
124572,Bolivia,BOL,2021-10-20,,,,4.0,0.0
124572,Bolivia,BOL,2021-10-20,,,,4.0,0.0
124573,Bolivia,BOL,2021-10-21,,,,4.0,0.0
124573,Bolivia,BOL,2021-10-21,,,,4.0,0.0
124573,Bolivia,BOL,2021-10-21,,,,4.0,0.0
124574,Bolivia,BOL,2021-10-22,,,,4.0,0.0
124574,Bolivia,BOL,2021-10-22,,,,4.0,0.0
124574,Bolivia,BOL,2021-10-22,,,,4.0,0.0
124575,Bolivia,BOL,2021-10-23,,,,4.0,0.0
124575,Bolivia,BOL,2021-10-23,,,,4.0,0.0
124575,Bolivia,BOL,2021-10-23,,,,4.0,0.0
124576,Bolivia,BOL,2021-10-24,,,,4.0,0.0
124576,Bolivia,BOL,2021-10-24,,,,4.0,0.0
124576,Bolivia,BOL,2021-10-24,,,,4.0,0.0
124577,Bolivia,BOL,2021-10-25,,,,4.0,0.0
124577,Bolivia,BOL,2021-10-25,,,,4.0,0.0
124577,Bolivia,BOL,2021-10-25,,,,4.0,0.0
124578,Bolivia,BOL,2021-10-26,,,,4.0,0.0
124578,Bolivia,BOL,2021-10-26,,,,4.0,0.0
124578,Bolivia,BOL,2021-10-26,,,,4.0,0.0
124579,Bolivia,BOL,2021-10-27,,,,4.0,0.0
124579,Bolivia,BOL,2021-10-27,,,,4.0,0.0
124579,Bolivia,BOL,2021-10-27,,,,4.0,0.0
124580,Bolivia,BOL,2021-10-28,,,,4.0,0.0
124580,Bolivia,BOL,2021-10-28,,,,4.0,0.0
124580,Bolivia,BOL,2021-10-28,,,,4.0,0.0
124581,Bolivia,BOL,2021-10-29,,,,4.0,0.0
124581,Bolivia,BOL,2021-10-29,,,,4.0,0.0
124581,Bolivia,BOL,2021-10-29,,,,4.0,0.0
124582,Bolivia,BOL,2021-10-30,,,,4.0,0.0
124582,Bolivia,BOL,2021-10-30,,,,4.0,0.0
124582,Bolivia,BOL,2021-10-30,,,,4.0,0.0
124583,Bolivia,BOL,2021-10-31,,,,4.0,0.0
124583,Bolivia,BOL,2021-10-31,,,,4.0,0.0
124583,Bolivia,BOL,2021-10-31,,,,4.0,0.0
124584,Panama,PAN,2021-11-08,,,,4.0,
124584,Panama,PAN,2021-11-08,,,,4.0,
124584,Panama,PAN,2021-11-08,,,,4.0,
124584,Panama,PAN,2021-11-08,,,,4.0,
124585,Panama,PAN,2021-11-09,,,,4.0,
124585,Panama,PAN,2021-11-09,,,,4.0,
124585,Panama,PAN,2021-11-09,,,,4.0,
124585,Panama,PAN,2021-11-09,,,,4.0,
124586,Seychelles,SYC,2021-10-19,,,,4.0,2.0
124586,Seychelles,SYC,2021-10-19,,,,4.0,2.0
124586,Seychelles,SYC,2021-10-19,,,,4.0,2.0
124587,Seychelles,SYC,2021-10-20,,,,4.0,2.0
124587,Seychelles,SYC,2021-10-20,,,,4.0,2.0
124587,Seychelles,SYC,2021-10-20,,,,4.0,2.0
124588,Seychelles,SYC,2021-10-21,,,,4.0,2.0
124588,Seychelles,SYC,2021-10-21,,,,4.0,2.0
124588,Seychelles,SYC,2021-10-21,,,,4.0,2.0
124589,Seychelles,SYC,2021-10-22,,,,4.0,2.0
124589,Seychelles,SYC,2021-10-22,,,,4.0,2.0
124589,Seychelles,SYC,2021-10-22,,,,4.0,2.0
124590,Seychelles,SYC,2021-10-23,,,,4.0,2.0
124590,Seychelles,SYC,2021-10-23,,,,4.0,2.0
124590,Seychelles,SYC,2021-10-23,,,,4.0,2.0
124591,Seychelles,SYC,2021-10-24,,,,4.0,2.0
124591,Seychelles,SYC,2021-10-24,,,,4.0,2.0
124591,Seychelles,SYC,2021-10-24,,,,4.0,2.0
124592,Seychelles,SYC,2021-10-25,,,,4.0,2.0
124592,Seychelles,SYC,2021-10-25,,,,4.0,2.0
124592,Seychelles,SYC,2021-10-25,,,,4.0,2.0
124593,Seychelles,SYC,2021-10-26,,,,4.0,2.0
124593,Seychelles,SYC,2021-10-26,,,,4.0,2.0
124593,Seychelles,SYC,2021-10-26,,,,4.0,2.0
124594,Seychelles,SYC,2021-10-27,,,,4.0,2.0
124594,Seychelles,SYC,2021-10-27,,,,4.0,2.0
124594,Seychelles,SYC,2021-10-27,,,,4.0,2.0
124595,Seychelles,SYC,2021-10-28,,,,4.0,2.0
124595,Seychelles,SYC,2021-10-28,,,,4.0,2.0
124595,Seychelles,SYC,2021-10-28,,,,4.0,2.0
124596,Seychelles,SYC,2021-10-29,,,,4.0,2.0
124596,Seychelles,SYC,2021-10-29,,,,4.0,2.0
124596,Seychelles,SYC,2021-10-29,,,,4.0,2.0
124597,Seychelles,SYC,2021-10-30,,,,4.0,2.0
124597,Seychelles,SYC,2021-10-30,,,,4.0,2.0
124597,Seychelles,SYC,2021-10-30,,,,4.0,2.0
124598,Seychelles,SYC,2021-10-31,,,,4.0,2.0
124598,Seychelles,SYC,2021-10-31,,,,4.0,2.0
124598,Seychelles,SYC,2021-10-31,,,,4.0,2.0
124599,Seychelles,SYC,2021-11-01,,,,4.0,2.0
124599,Seychelles,SYC,2021-11-01,,,,4.0,2.0
124599,Seychelles,SYC,2021-11-01,,,,4.0,2.0
124600,Rwanda,RWA,2021-10-26,,,,,2.0
124600,Rwanda,RWA,2021-10-26,,,,,2.0
124600,Rwanda,RWA,2021-10-26,,,,,2.0
124600,Rwanda,RWA,2021-10-26,,,,,2.0
124601,Rwanda,RWA,2021-10-27,,,,,2.0
124601,Rwanda,RWA,2021-10-27,,,,,2.0
124601,Rwanda,RWA,2021-10-27,,,,,2.0
124601,Rwanda,RWA,2021-10-27,,,,,2.0
124602,Rwanda,RWA,2021-10-28,,,,,2.0
124602,Rwanda,RWA,2021-10-28,,,,,2.0
124602,Rwanda,RWA,2021-10-28,,,,,2.0
124602,Rwanda,RWA,2021-10-28,,,,,2.0
124603,Rwanda,RWA,2021-10-29,,,,,2.0
124603,Rwanda,RWA,2021-10-29,,,,,2.0
124603,Rwanda,RWA,2021-10-29,,,,,2.0
124603,Rwanda,RWA,2021-10-29,,,,,2.0
124604,Rwanda,RWA,2021-10-30,,,,,2.0
124604,Rwanda,RWA,2021-10-30,,,,,2.0
124604,Rwanda,RWA,2021-10-30,,,,,2.0
124604,Rwanda,RWA,2021-10-30,,,,,2.0
124605,Rwanda,RWA,2021-10-31,,,,,2.0
124605,Rwanda,RWA,2021-10-31,,,,,2.0
124605,Rwanda,RWA,2021-10-31,,,,,2.0
124605,Rwanda,RWA,2021-10-31,,,,,2.0
124606,Rwanda,RWA,2021-11-01,,,,,2.0
124606,Rwanda,RWA,2021-11-01,,,,,2.0
124606,Rwanda,RWA,2021-11-01,,,,,2.0
124606,Rwanda,RWA,2021-11-01,,,,,2.0
124607,Rwanda,RWA,2021-11-02,,,,,2.0
124607,Rwanda,RWA,2021-11-02,,,,,2.0
124607,Rwanda,RWA,2021-11-02,,,,,2.0
124607,Rwanda,RWA,2021-11-02,,,,,2.0
